date,close,high,low,open,volume
2015-05-27 00:00:00+00:00,132.045,132.26,130.05,130.34,45833246
2015-05-28 00:00:00+00:00,131.78,131.95,131.1,131.86,30733309
2015-05-29 00:00:00+00:00,130.28,131.45,129.9,131.23,50884452
2015-06-01 00:00:00+00:00,130.535,131.39,130.05,131.2,32112797
2015-06-02 00:00:00+00:00,129.96,130.655,129.32,129.86,33667627
2015-06-03 00:00:00+00:00,130.12,130.94,129.9,130.66,30983542
2015-06-04 00:00:00+00:00,129.36,130.58,128.91,129.58,38450118
2015-06-05 00:00:00+00:00,128.65,129.69,128.36,129.5,35626800
2015-06-08 00:00:00+00:00,127.8,129.21,126.83,128.9,52674786
2015-06-09 00:00:00+00:00,127.42,128.08,125.62,126.7,56075420
2015-06-10 00:00:00+00:00,128.88,129.34,127.85,127.92,39087250
2015-06-11 00:00:00+00:00,128.59,130.18,128.475,129.18,35390887
2015-06-12 00:00:00+00:00,127.17,128.33,127.11,128.185,36886246
2015-06-15 00:00:00+00:00,126.92,127.24,125.71,126.1,43988946
2015-06-16 00:00:00+00:00,127.6,127.85,126.37,127.03,31494131
2015-06-17 00:00:00+00:00,127.3,127.88,126.74,127.72,32918071
2015-06-18 00:00:00+00:00,127.88,128.31,127.22,127.23,35407220
2015-06-19 00:00:00+00:00,126.6,127.82,126.4,127.71,54716887
2015-06-22 00:00:00+00:00,127.61,128.06,127.08,127.49,34039345
2015-06-23 00:00:00+00:00,127.03,127.61,126.8792,127.48,30268863
2015-06-24 00:00:00+00:00,128.11,129.8,127.12,127.21,55280855
2015-06-25 00:00:00+00:00,127.5,129.2,127.5,128.86,31938100
2015-06-26 00:00:00+00:00,126.75,127.99,126.51,127.67,44066841
2015-06-29 00:00:00+00:00,124.53,126.47,124.48,125.46,49161427
2015-06-30 00:00:00+00:00,125.425,126.12,124.86,125.57,44370682
2015-07-01 00:00:00+00:00,126.6,126.94,125.99,126.9,30238811
2015-07-02 00:00:00+00:00,126.44,126.69,125.77,126.43,27210952
2015-07-06 00:00:00+00:00,126,126.23,124.85,124.94,28060431
2015-07-07 00:00:00+00:00,125.69,126.15,123.77,125.89,46946811
2015-07-08 00:00:00+00:00,122.57,124.64,122.54,124.48,60761614
2015-07-09 00:00:00+00:00,120.07,124.06,119.22,123.85,78595038
2015-07-10 00:00:00+00:00,123.28,123.85,121.21,121.94,61354474
2015-07-13 00:00:00+00:00,125.66,125.755,124.32,125.03,41440538
2015-07-14 00:00:00+00:00,125.61,126.37,125.04,126.04,31768139
2015-07-15 00:00:00+00:00,126.82,127.15,125.58,125.72,33649200
2015-07-16 00:00:00+00:00,128.51,128.57,127.35,127.74,36222447
2015-07-17 00:00:00+00:00,129.62,129.62,128.31,129.08,46164710
2015-07-20 00:00:00+00:00,132.07,132.97,130.7,130.97,58900203
2015-07-21 00:00:00+00:00,130.75,132.92,130.32,132.85,76756427
2015-07-22 00:00:00+00:00,125.22,125.5,121.99,121.99,115450607
2015-07-23 00:00:00+00:00,125.16,127.09,125.06,126.2,50999452
2015-07-24 00:00:00+00:00,124.5,125.74,123.9,125.32,42162332
2015-07-27 00:00:00+00:00,122.77,123.61,122.12,123.09,44455540
2015-07-28 00:00:00+00:00,123.38,123.91,122.55,123.38,33618097
2015-07-29 00:00:00+00:00,122.99,123.5,122.27,123.15,37011653
2015-07-30 00:00:00+00:00,122.37,122.5699,121.71,122.32,33628268
2015-07-31 00:00:00+00:00,121.3,122.6425,120.91,122.6,42884953
2015-08-03 00:00:00+00:00,118.44,122.57,117.52,121.5,69975968
2015-08-04 00:00:00+00:00,114.64,117.7,113.25,117.42,124138623
2015-08-05 00:00:00+00:00,115.4,117.44,112.1,112.95,98384461
2015-08-06 00:00:00+00:00,115.13,116.5,114.115,115.97,52903040
2015-08-07 00:00:00+00:00,115.52,116.25,114.5,114.58,38670405
2015-08-10 00:00:00+00:00,119.72,119.99,116.53,116.53,54951597
2015-08-11 00:00:00+00:00,113.49,118.18,113.33,117.81,97082814
2015-08-12 00:00:00+00:00,115.24,115.42,109.63,112.53,101685610
2015-08-13 00:00:00+00:00,115.15,116.4,114.54,116.04,48535789
2015-08-14 00:00:00+00:00,115.96,116.31,114.01,114.32,42929516
2015-08-17 00:00:00+00:00,117.16,117.65,115.5,116.04,40884745
2015-08-18 00:00:00+00:00,116.5,117.44,116.01,116.43,34560708
2015-08-19 00:00:00+00:00,115.01,116.52,114.68,116.1,48286510
2015-08-20 00:00:00+00:00,112.65,114.35,111.63,114.08,68501622
2015-08-21 00:00:00+00:00,105.76,111.9,105.645,110.43,128275471
2015-08-24 00:00:00+00:00,103.12,108.8,92,94.87,162206292
2015-08-25 00:00:00+00:00,103.74,111.11,103.5,111.11,103601599
2015-08-26 00:00:00+00:00,109.69,109.89,105.05,107.085,96774611
2015-08-27 00:00:00+00:00,112.92,113.24,110.02,112.25,84616056
2015-08-28 00:00:00+00:00,113.29,113.31,111.54,112.17,53164407
2015-08-31 00:00:00+00:00,112.76,114.53,112,112.13,56229271
2015-09-01 00:00:00+00:00,107.72,111.88,107.36,110.18,76845860
2015-09-02 00:00:00+00:00,112.34,112.34,109.131,110,61888812
2015-09-03 00:00:00+00:00,110.37,112.78,110.04,112.49,53233940
2015-09-04 00:00:00+00:00,109.27,110.45,108.51,108.97,49996311
2015-09-08 00:00:00+00:00,112.31,112.56,110.32,111.65,54843626
2015-09-09 00:00:00+00:00,110.15,114.02,109.77,113.76,85010804
2015-09-10 00:00:00+00:00,112.57,113.2825,109.9,110.27,62892831
2015-09-11 00:00:00+00:00,114.21,114.21,111.76,111.79,49915473
2015-09-14 00:00:00+00:00,115.31,116.89,114.86,116.58,58363431
2015-09-15 00:00:00+00:00,116.28,116.53,114.42,115.93,43341155
2015-09-16 00:00:00+00:00,116.41,116.54,115.44,116.25,37173489
2015-09-17 00:00:00+00:00,113.92,116.49,113.715,115.66,64112641
2015-09-18 00:00:00+00:00,113.45,114.3,111.87,112.21,74285291
2015-09-21 00:00:00+00:00,115.21,115.37,113.66,113.67,50221965
2015-09-22 00:00:00+00:00,113.4,114.18,112.5201,113.38,50346159
2015-09-23 00:00:00+00:00,114.32,114.72,113.3,113.63,35756716
2015-09-24 00:00:00+00:00,115,115.5,112.37,113.25,50219475
2015-09-25 00:00:00+00:00,114.71,116.69,114.02,116.44,56151926
2015-09-28 00:00:00+00:00,112.44,114.57,112.44,113.85,50782189
2015-09-29 00:00:00+00:00,109.06,113.51,107.86,112.83,73365384
2015-09-30 00:00:00+00:00,110.3,111.54,108.73,110.17,65041596
2015-10-01 00:00:00+00:00,109.58,109.62,107.31,109.07,63929100
2015-10-02 00:00:00+00:00,110.38,111.0136,107.55,108.01,58019758
2015-10-05 00:00:00+00:00,110.78,111.3698,109.07,109.88,52064743
2015-10-06 00:00:00+00:00,111.31,111.74,109.765,110.63,48856977
2015-10-07 00:00:00+00:00,110.78,111.77,109.41,111.74,46765550
2015-10-08 00:00:00+00:00,109.5,110.19,108.21,110.19,61979577
2015-10-09 00:00:00+00:00,112.12,112.28,109.49,110,52766140
2015-10-12 00:00:00+00:00,111.6,112.75,111.44,112.73,30467204
2015-10-13 00:00:00+00:00,111.79,112.45,110.68,110.82,33049256
2015-10-14 00:00:00+00:00,110.21,111.52,109.56,111.29,44462449
2015-10-15 00:00:00+00:00,111.86,112.1,110.49,110.93,37673452
2015-10-16 00:00:00+00:00,111.04,112,110.53,111.78,39232609
2015-10-19 00:00:00+00:00,111.73,111.75,110.11,110.8,29759153
2015-10-20 00:00:00+00:00,113.77,114.17,110.82,111.34,48967763
2015-10-21 00:00:00+00:00,113.76,115.58,113.7,114,42326974
2015-10-22 00:00:00+00:00,115.5,115.5,114.1,114.33,41654089
2015-10-23 00:00:00+00:00,119.08,119.228,116.33,116.7,59366914
2015-10-26 00:00:00+00:00,115.28,118.13,114.92,118.08,66333781
2015-10-27 00:00:00+00:00,114.55,116.54,113.99,115.4,69884400
2015-10-28 00:00:00+00:00,119.27,119.3,116.06,116.93,85551352
2015-10-29 00:00:00+00:00,120.53,120.69,118.27,118.7,51227334
2015-10-30 00:00:00+00:00,119.5,121.22,119.45,120.99,49365254
2015-11-02 00:00:00+00:00,121.18,121.36,119.61,119.87,32203267
2015-11-03 00:00:00+00:00,122.57,123.49,120.7,120.79,45518976
2015-11-04 00:00:00+00:00,122,123.82,121.62,123.13,44886050
2015-11-05 00:00:00+00:00,120.92,122.69,120.18,121.85,39552680
2015-11-06 00:00:00+00:00,121.06,121.81,120.62,121.11,33042283
2015-11-09 00:00:00+00:00,120.57,121.81,120.05,120.96,33871405
2015-11-10 00:00:00+00:00,116.77,118.07,116.061,116.9,59127931
2015-11-11 00:00:00+00:00,116.11,117.42,115.21,116.37,45217971
2015-11-12 00:00:00+00:00,115.72,116.82,115.65,116.26,32525579
2015-11-13 00:00:00+00:00,112.34,115.57,112.27,115.2,45812403
2015-11-16 00:00:00+00:00,114.175,114.24,111,111.38,38106701
2015-11-17 00:00:00+00:00,113.69,115.05,113.32,114.92,27583101
2015-11-18 00:00:00+00:00,117.29,117.49,115.5,115.76,46674697
2015-11-19 00:00:00+00:00,118.78,119.75,116.76,117.64,43295820
2015-11-20 00:00:00+00:00,119.3,119.92,118.85,119.2,34287096
2015-11-23 00:00:00+00:00,117.75,119.73,117.34,119.27,32482528
2015-11-24 00:00:00+00:00,118.88,119.35,117.12,117.33,42803172
2015-11-25 00:00:00+00:00,118.03,119.23,117.92,119.21,21388308
2015-11-27 00:00:00+00:00,117.81,118.41,117.6,118.29,13046445
2015-11-30 00:00:00+00:00,118.3,119.41,117.75,117.99,39180322
2015-12-01 00:00:00+00:00,117.34,118.81,116.86,118.75,34852374
2015-12-02 00:00:00+00:00,116.28,118.11,116.08,117.05,33386563
2015-12-03 00:00:00+00:00,115.2,116.79,114.22,116.55,41569509
2015-12-04 00:00:00+00:00,119.03,119.25,115.11,115.29,57776977
2015-12-07 00:00:00+00:00,118.28,119.86,117.81,118.98,32084249
2015-12-08 00:00:00+00:00,118.23,118.6,116.86,117.52,34309450
2015-12-09 00:00:00+00:00,115.62,117.69,115.08,117.64,46361357
2015-12-10 00:00:00+00:00,116.17,116.94,115.51,116.04,29212727
2015-12-11 00:00:00+00:00,113.18,115.39,112.851,115.19,46886161
2015-12-14 00:00:00+00:00,112.48,112.68,109.79,112.18,65003609
2015-12-15 00:00:00+00:00,110.49,112.8,110.35,111.94,53323105
2015-12-16 00:00:00+00:00,111.34,111.99,108.8,111.07,56238467
2015-12-17 00:00:00+00:00,108.98,112.25,108.98,112.02,44772827
2015-12-18 00:00:00+00:00,106.03,109.52,105.81,108.91,96453327
2015-12-21 00:00:00+00:00,107.33,107.37,105.57,107.28,47590610
2015-12-22 00:00:00+00:00,107.23,107.72,106.451,107.4,32789367
2015-12-23 00:00:00+00:00,108.61,108.85,107.2,107.27,32657354
2015-12-24 00:00:00+00:00,108.03,109,107.95,109,13596680
2015-12-28 00:00:00+00:00,106.82,107.69,106.1807,107.59,26704210
2015-12-29 00:00:00+00:00,108.74,109.43,106.86,106.96,30931243
2015-12-30 00:00:00+00:00,107.32,108.7,107.18,108.58,25213777
2015-12-31 00:00:00+00:00,105.26,107.03,104.82,107.01,40912316
2016-01-04 00:00:00+00:00,105.35,105.368,102,102.61,67649387
2016-01-05 00:00:00+00:00,102.71,105.85,102.41,105.75,55790992
2016-01-06 00:00:00+00:00,100.7,102.37,99.87,100.56,68457388
2016-01-07 00:00:00+00:00,96.45,100.13,96.43,98.68,81094428
2016-01-08 00:00:00+00:00,96.96,99.11,96.76,98.55,70798016
2016-01-11 00:00:00+00:00,98.53,99.06,97.34,98.97,49739377
2016-01-12 00:00:00+00:00,99.96,100.69,98.8399,100.55,49154227
2016-01-13 00:00:00+00:00,97.39,101.19,97.3,100.32,62439631
2016-01-14 00:00:00+00:00,99.52,100.48,95.74,97.96,63170127
2016-01-15 00:00:00+00:00,97.13,97.71,95.36,96.2,79833891
2016-01-19 00:00:00+00:00,96.66,98.65,95.5,98.41,53087747
2016-01-20 00:00:00+00:00,96.79,98.1897,93.42,95.1,72334416
2016-01-21 00:00:00+00:00,96.3,97.88,94.94,97.06,52161463
2016-01-22 00:00:00+00:00,101.42,101.46,98.37,98.63,65800467
2016-01-25 00:00:00+00:00,99.44,101.53,99.21,101.52,51794525
2016-01-26 00:00:00+00:00,99.99,100.88,98.07,99.93,75077002
2016-01-27 00:00:00+00:00,93.42,96.6289,93.34,96.04,133369674
2016-01-28 00:00:00+00:00,94.09,94.52,92.39,93.79,55678825
2016-01-29 00:00:00+00:00,97.34,97.34,94.35,94.79,64416504
2016-02-01 00:00:00+00:00,96.43,96.71,95.4,96.47,40943541
2016-02-02 00:00:00+00:00,94.48,96.04,94.28,95.42,37357215
2016-02-03 00:00:00+00:00,96.35,96.84,94.08,95,45964294
2016-02-04 00:00:00+00:00,96.6,97.33,95.19,95.86,46471652
2016-02-05 00:00:00+00:00,94.02,96.92,93.69,96.52,46418064
2016-02-08 00:00:00+00:00,95.01,95.7,93.04,93.13,54021375
2016-02-09 00:00:00+00:00,94.99,95.94,93.93,94.29,44331195
2016-02-10 00:00:00+00:00,94.27,96.35,94.1,95.92,42343601
2016-02-11 00:00:00+00:00,93.7,94.72,92.59,93.79,50074711
2016-02-12 00:00:00+00:00,93.99,94.5,93.01,94.19,40351381
2016-02-16 00:00:00+00:00,96.64,96.85,94.61,95.02,49057916
2016-02-17 00:00:00+00:00,98.12,98.21,96.15,96.67,44863243
2016-02-18 00:00:00+00:00,96.26,98.89,96.091,98.84,39020983
2016-02-19 00:00:00+00:00,96.04,96.7599,95.8,96,35374173
2016-02-22 00:00:00+00:00,96.88,96.9,95.92,96.31,34280758
2016-02-23 00:00:00+00:00,94.69,96.5,94.55,96.4,31942633
2016-02-24 00:00:00+00:00,96.1,96.38,93.32,93.98,36255745
2016-02-25 00:00:00+00:00,96.76,96.76,95.25,96.05,27582659
2016-02-26 00:00:00+00:00,96.91,98.0237,96.58,97.2,28991131
2016-02-29 00:00:00+00:00,96.69,98.23,96.65,96.86,35216277
2016-03-01 00:00:00+00:00,100.53,100.77,97.42,97.65,50407147
2016-03-02 00:00:00+00:00,100.75,100.89,99.64,100.51,33169560
2016-03-03 00:00:00+00:00,101.5,101.7099,100.45,100.58,36955742
2016-03-04 00:00:00+00:00,103.01,103.75,101.37,102.37,46055100
2016-03-07 00:00:00+00:00,101.87,102.83,100.96,102.39,35915810
2016-03-08 00:00:00+00:00,101.03,101.76,100.4,100.78,31182194
2016-03-09 00:00:00+00:00,101.12,101.58,100.27,101.31,27201683
2016-03-10 00:00:00+00:00,101.17,102.24,100.15,101.41,33513577
2016-03-11 00:00:00+00:00,102.26,102.28,101.5,102.24,27408237
2016-03-14 00:00:00+00:00,102.52,102.91,101.78,101.91,25076062
2016-03-15 00:00:00+00:00,104.58,105.18,103.85,103.96,40067734
2016-03-16 00:00:00+00:00,105.97,106.31,104.59,104.61,38303493
2016-03-17 00:00:00+00:00,105.8,106.47,104.96,105.52,34420705
2016-03-18 00:00:00+00:00,105.92,106.5,105.19,106.34,44205171
2016-03-21 00:00:00+00:00,105.91,107.65,105.1401,105.93,35502678
2016-03-22 00:00:00+00:00,106.72,107.29,105.21,105.25,32444375
2016-03-23 00:00:00+00:00,106.13,107.07,105.9,106.48,25703495
2016-03-24 00:00:00+00:00,105.67,106.25,104.89,105.47,26132955
2016-03-28 00:00:00+00:00,105.19,106.19,105.06,106,19411372
2016-03-29 00:00:00+00:00,107.68,107.79,104.88,104.89,31190083
2016-03-30 00:00:00+00:00,109.56,110.42,108.6,108.65,45601149
2016-03-31 00:00:00+00:00,108.99,109.9,108.88,109.72,25888449
2016-04-01 00:00:00+00:00,109.99,110,108.2,108.78,25873950
2016-04-04 00:00:00+00:00,111.12,112.19,110.27,110.42,37356204
2016-04-05 00:00:00+00:00,109.81,110.73,109.42,109.51,26578652
2016-04-06 00:00:00+00:00,110.96,110.98,109.2,110.23,26404077
2016-04-07 00:00:00+00:00,108.54,110.42,108.121,109.95,31801870
2016-04-08 00:00:00+00:00,108.66,109.77,108.17,108.91,23581740
2016-04-11 00:00:00+00:00,109.02,110.61,108.83,108.97,29407518
2016-04-12 00:00:00+00:00,110.44,110.5,108.66,109.34,27232325
2016-04-13 00:00:00+00:00,112.04,112.34,110.8,110.8,33257316
2016-04-14 00:00:00+00:00,112.1,112.39,111.33,111.62,25473923
2016-04-15 00:00:00+00:00,109.85,112.3,109.73,112.11,46938969
2016-04-18 00:00:00+00:00,107.48,108.95,106.94,108.89,60821461
2016-04-19 00:00:00+00:00,106.91,108,106.23,107.88,32384879
2016-04-20 00:00:00+00:00,107.13,108.09,106.06,106.64,30611030
2016-04-21 00:00:00+00:00,105.97,106.93,105.52,106.93,31552525
2016-04-22 00:00:00+00:00,105.68,106.48,104.62,105.01,33683121
2016-04-25 00:00:00+00:00,105.08,105.65,104.51,105,28031588
2016-04-26 00:00:00+00:00,104.35,105.3,103.91,103.91,56016165
2016-04-27 00:00:00+00:00,97.82,98.71,95.68,96,114602142
2016-04-28 00:00:00+00:00,94.83,97.88,94.25,97.61,82242690
2016-04-29 00:00:00+00:00,93.74,94.72,92.51,93.99,68531478
2016-05-02 00:00:00+00:00,93.64,94.08,92.4,93.965,48160104
2016-05-03 00:00:00+00:00,95.18,95.74,93.68,94.2,56831277
2016-05-04 00:00:00+00:00,94.19,95.9,93.82,95.2,41025475
2016-05-05 00:00:00+00:00,93.24,94.07,92.68,94,35890500
2016-05-06 00:00:00+00:00,92.72,93.45,91.85,93.37,43699886
2016-05-09 00:00:00+00:00,92.79,93.77,92.59,93,32936436
2016-05-10 00:00:00+00:00,93.42,93.57,92.11,93.33,33686836
2016-05-11 00:00:00+00:00,92.51,93.57,92.46,93.48,28719109
2016-05-12 00:00:00+00:00,90.34,92.78,89.47,92.72,76314690
2016-05-13 00:00:00+00:00,90.52,91.67,90,90,44392765
2016-05-16 00:00:00+00:00,93.88,94.39,91.65,92.39,61259756
2016-05-17 00:00:00+00:00,93.49,94.7,93.01,94.55,46916939
2016-05-18 00:00:00+00:00,94.56,95.21,93.89,94.16,42062391
2016-05-19 00:00:00+00:00,94.2,94.64,93.57,94.64,30442100
2016-05-20 00:00:00+00:00,95.22,95.43,94.52,94.64,32025968
2016-05-23 00:00:00+00:00,96.43,97.19,95.67,95.87,38018643
2016-05-24 00:00:00+00:00,97.9,98.09,96.84,97.22,35140174
2016-05-25 00:00:00+00:00,99.62,99.74,98.11,98.67,38642108
2016-05-26 00:00:00+00:00,100.41,100.73,98.64,99.68,56331159
2016-05-27 00:00:00+00:00,100.35,100.47,99.245,99.44,36341240
2016-05-31 00:00:00+00:00,99.86,100.4,98.82,99.6,42307212
2016-06-01 00:00:00+00:00,98.46,99.54,98.33,99.02,29173285
2016-06-02 00:00:00+00:00,97.72,97.84,96.63,97.6,40191600
2016-06-03 00:00:00+00:00,97.92,98.27,97.45,97.79,28504888
2016-06-06 00:00:00+00:00,98.63,101.89,97.55,97.99,23292504
2016-06-07 00:00:00+00:00,99.03,99.87,98.96,99.25,22409450
2016-06-08 00:00:00+00:00,98.94,99.56,98.68,99.02,20848131
2016-06-09 00:00:00+00:00,99.65,99.99,98.46,98.5,26601354
2016-06-10 00:00:00+00:00,98.83,99.3457,98.48,98.53,31712936
2016-06-13 00:00:00+00:00,97.34,99.12,97.1,98.69,38020494
2016-06-14 00:00:00+00:00,97.46,98.475,96.75,97.32,31931944
2016-06-15 00:00:00+00:00,97.14,98.41,97.03,97.82,29445227
2016-06-16 00:00:00+00:00,97.55,97.75,96.07,96.45,31326815
2016-06-17 00:00:00+00:00,95.33,96.65,95.3,96.62,61008219
2016-06-20 00:00:00+00:00,95.1,96.57,95.03,96,34411901
2016-06-21 00:00:00+00:00,95.91,96.35,94.676,94.94,35546358
2016-06-22 00:00:00+00:00,95.55,96.89,95.35,96.25,29219122
2016-06-23 00:00:00+00:00,96.1,96.29,95.25,95.94,32240187
2016-06-24 00:00:00+00:00,93.4,94.655,92.65,92.91,75311356
2016-06-27 00:00:00+00:00,92.04,93.05,91.5,93,46622188
2016-06-28 00:00:00+00:00,93.59,93.66,92.14,92.9,40444914
2016-06-29 00:00:00+00:00,94.4,94.55,93.63,93.97,36531006
2016-06-30 00:00:00+00:00,95.6,95.77,94.3,94.44,35836356
2016-07-01 00:00:00+00:00,95.89,96.465,95.33,95.49,26026540
2016-07-05 00:00:00+00:00,94.99,95.4,94.46,95.39,27705210
2016-07-06 00:00:00+00:00,95.53,95.66,94.37,94.6,30949090
2016-07-07 00:00:00+00:00,95.94,96.5,95.62,95.7,25139558
2016-07-08 00:00:00+00:00,96.68,96.89,96.05,96.49,28912103
2016-07-11 00:00:00+00:00,96.98,97.65,96.73,96.75,23794945
2016-07-12 00:00:00+00:00,97.42,97.7,97.12,97.17,24167463
2016-07-13 00:00:00+00:00,96.87,97.67,96.84,97.41,25892171
2016-07-14 00:00:00+00:00,98.79,98.99,97.32,97.39,38918997
2016-07-15 00:00:00+00:00,98.78,99.3,98.5,98.92,30136990
2016-07-18 00:00:00+00:00,99.83,100.13,98.6,98.7,36493867
2016-07-19 00:00:00+00:00,99.87,100,99.34,99.56,23779924
2016-07-20 00:00:00+00:00,99.96,100.46,99.735,100,26275968
2016-07-21 00:00:00+00:00,99.43,101,99.13,99.83,32702028
2016-07-22 00:00:00+00:00,98.66,99.3,98.31,99.26,28313669
2016-07-25 00:00:00+00:00,97.34,98.84,96.92,98.25,40382921
2016-07-26 00:00:00+00:00,96.67,97.97,96.42,96.82,56239822
2016-07-27 00:00:00+00:00,102.95,104.35,102.75,104.265,92344820
2016-07-28 00:00:00+00:00,104.34,104.45,102.82,102.83,39869839
2016-07-29 00:00:00+00:00,104.21,104.55,103.68,104.19,27733688
2016-08-01 00:00:00+00:00,106.05,106.15,104.41,104.41,38167871
2016-08-02 00:00:00+00:00,104.48,106.07,104,106.05,33816556
2016-08-03 00:00:00+00:00,105.79,105.84,104.77,104.81,30202641
2016-08-04 00:00:00+00:00,105.87,106,105.28,105.58,27408650
2016-08-05 00:00:00+00:00,107.48,107.65,106.18,106.27,40553402
2016-08-08 00:00:00+00:00,108.37,108.37,107.16,107.52,28037220
2016-08-09 00:00:00+00:00,108.81,108.94,108.01,108.23,26315204
2016-08-10 00:00:00+00:00,108,108.9,107.76,108.71,24008505
2016-08-11 00:00:00+00:00,107.93,108.93,107.85,108.52,27484506
2016-08-12 00:00:00+00:00,108.18,108.44,107.78,107.78,18660434
2016-08-15 00:00:00+00:00,109.48,109.54,108.08,108.14,25868209
2016-08-16 00:00:00+00:00,109.38,110.23,109.21,109.63,33794448
2016-08-17 00:00:00+00:00,109.22,109.37,108.34,109.1,25355976
2016-08-18 00:00:00+00:00,109.08,109.6,109.02,109.23,21984703
2016-08-19 00:00:00+00:00,109.36,109.69,108.36,108.77,25368072
2016-08-22 00:00:00+00:00,108.51,109.1,107.85,108.86,25820230
2016-08-23 00:00:00+00:00,108.85,109.32,108.53,108.59,21257669
2016-08-24 00:00:00+00:00,108.03,108.75,107.68,108.565,23675081
2016-08-25 00:00:00+00:00,107.57,107.88,106.68,107.39,25086248
2016-08-26 00:00:00+00:00,106.94,107.95,106.31,107.41,27766291
2016-08-29 00:00:00+00:00,106.82,107.44,106.29,106.62,24970300
2016-08-30 00:00:00+00:00,106,106.5,105.5,105.8,24863945
2016-08-31 00:00:00+00:00,106.1,106.5699,105.64,105.66,29662406
2016-09-01 00:00:00+00:00,106.73,106.8,105.62,106.14,26701523
2016-09-02 00:00:00+00:00,107.73,108,106.82,107.7,26802450
2016-09-06 00:00:00+00:00,107.7,108.3,107.51,107.9,26880391
2016-09-07 00:00:00+00:00,108.36,108.76,107.07,107.83,42364328
2016-09-08 00:00:00+00:00,105.52,107.27,105.24,107.25,53002026
2016-09-09 00:00:00+00:00,103.13,105.72,103.13,104.64,46556984
2016-09-12 00:00:00+00:00,105.44,105.72,102.53,102.65,45292770
2016-09-13 00:00:00+00:00,107.95,108.79,107.24,107.51,62176190
2016-09-14 00:00:00+00:00,111.77,113.03,108.6,108.73,112340318
2016-09-15 00:00:00+00:00,115.57,115.73,113.49,113.86,90613177
2016-09-16 00:00:00+00:00,114.92,116.13,114.04,115.12,79886911
2016-09-19 00:00:00+00:00,113.58,116.18,113.25,115.19,47023046
2016-09-20 00:00:00+00:00,113.57,114.12,112.51,113.05,34514269
2016-09-21 00:00:00+00:00,113.55,113.989,112.441,113.85,36003185
2016-09-22 00:00:00+00:00,114.62,114.94,114,114.35,31073984
2016-09-23 00:00:00+00:00,112.71,114.79,111.55,114.42,52481151
2016-09-26 00:00:00+00:00,112.88,113.39,111.55,111.64,29869442
2016-09-27 00:00:00+00:00,113.09,113.18,112.34,113,24607412
2016-09-28 00:00:00+00:00,113.95,114.64,113.43,113.69,29641085
2016-09-29 00:00:00+00:00,112.18,113.8,111.8,113.16,35886990
2016-09-30 00:00:00+00:00,113.05,113.37,111.8,112.46,36379106
2016-10-03 00:00:00+00:00,112.52,113.05,112.28,112.71,21701760
2016-10-04 00:00:00+00:00,113,114.31,112.63,113.06,29736835
2016-10-05 00:00:00+00:00,113.05,113.66,112.69,113.4,21453089
2016-10-06 00:00:00+00:00,113.89,114.34,113.13,113.7,28779313
2016-10-07 00:00:00+00:00,114.06,114.56,113.51,114.31,24358443
2016-10-10 00:00:00+00:00,116.05,116.75,114.72,115.02,36235956
2016-10-11 00:00:00+00:00,116.3,118.69,116.2,117.7,64041043
2016-10-12 00:00:00+00:00,117.34,117.98,116.75,117.35,37586787
2016-10-13 00:00:00+00:00,116.98,117.44,115.72,116.79,35192406
2016-10-14 00:00:00+00:00,117.63,118.17,117.13,117.88,35652191
2016-10-17 00:00:00+00:00,117.55,117.84,116.78,117.33,23624896
2016-10-18 00:00:00+00:00,117.47,118.21,117.45,118.18,24553478
2016-10-19 00:00:00+00:00,117.12,117.76,113.8,117.25,20034594
2016-10-20 00:00:00+00:00,117.06,117.38,116.33,116.86,24125801
2016-10-21 00:00:00+00:00,116.6,116.91,116.28,116.81,23192665
2016-10-24 00:00:00+00:00,117.65,117.74,117,117.1,23538673
2016-10-25 00:00:00+00:00,118.25,118.36,117.31,117.95,48128970
2016-10-26 00:00:00+00:00,115.59,115.7,113.31,114.31,66134219
2016-10-27 00:00:00+00:00,114.48,115.86,114.1,115.39,34562045
2016-10-28 00:00:00+00:00,113.72,115.21,113.45,113.87,37861662
2016-10-31 00:00:00+00:00,113.54,114.23,113.2,113.65,26419398
2016-11-01 00:00:00+00:00,111.49,113.77,110.53,113.46,43825812
2016-11-02 00:00:00+00:00,111.59,112.35,111.23,111.4,28331709
2016-11-03 00:00:00+00:00,109.83,111.46,109.55,110.98,26932602
2016-11-04 00:00:00+00:00,108.84,110.25,108.11,108.53,30836997
2016-11-07 00:00:00+00:00,110.41,110.51,109.46,110.08,32560000
2016-11-08 00:00:00+00:00,111.06,111.72,109.7,110.31,24254179
2016-11-09 00:00:00+00:00,110.88,111.32,108.05,109.88,59176361
2016-11-10 00:00:00+00:00,107.79,111.09,105.83,111.09,57134541
2016-11-11 00:00:00+00:00,108.43,108.87,106.55,107.12,34143898
2016-11-14 00:00:00+00:00,105.71,107.809,104.08,107.71,51175504
2016-11-15 00:00:00+00:00,107.11,107.68,106.1593,106.57,32264510
2016-11-16 00:00:00+00:00,109.99,110.23,106.6,106.7,58840522
2016-11-17 00:00:00+00:00,109.95,110.35,108.83,109.81,27632003
2016-11-18 00:00:00+00:00,110.06,110.54,109.66,109.72,28428917
2016-11-21 00:00:00+00:00,111.73,111.99,110.01,110.12,29264571
2016-11-22 00:00:00+00:00,111.8,112.42,111.4,111.95,25965534
2016-11-23 00:00:00+00:00,111.23,111.51,110.33,111.36,27426394
2016-11-25 00:00:00+00:00,111.79,111.87,110.95,111.13,11475922
2016-11-28 00:00:00+00:00,111.57,112.465,111.39,111.43,27193983
2016-11-29 00:00:00+00:00,111.46,112.03,110.07,110.78,28528750
2016-11-30 00:00:00+00:00,110.52,112.2,110.27,111.6,36162258
2016-12-01 00:00:00+00:00,109.49,110.94,109.03,110.365,37086862
2016-12-02 00:00:00+00:00,109.9,110.09,108.85,109.17,26527997
2016-12-05 00:00:00+00:00,109.11,110.03,108.25,110,34324540
2016-12-06 00:00:00+00:00,109.95,110.36,109.19,109.5,26195462
2016-12-07 00:00:00+00:00,111.03,111.19,109.16,109.26,29998719
2016-12-08 00:00:00+00:00,112.12,112.43,110.6,110.86,27068316
2016-12-09 00:00:00+00:00,113.95,114.7,112.31,112.31,34402627
2016-12-12 00:00:00+00:00,113.3,115,112.49,113.29,26374377
2016-12-13 00:00:00+00:00,115.19,115.92,113.75,113.84,43733811
2016-12-14 00:00:00+00:00,115.19,116.2,114.98,115.04,34031834
2016-12-15 00:00:00+00:00,115.82,116.73,115.23,115.38,46524544
2016-12-16 00:00:00+00:00,115.97,116.5,115.645,116.47,44351134
2016-12-19 00:00:00+00:00,116.64,117.38,115.75,115.8,27779423
2016-12-20 00:00:00+00:00,116.95,117.5,116.68,116.74,21424965
2016-12-21 00:00:00+00:00,117.06,117.4,116.78,116.8,23783165
2016-12-22 00:00:00+00:00,116.29,116.51,115.64,116.35,26085854
2016-12-23 00:00:00+00:00,116.52,116.52,115.59,115.59,14249484
2016-12-27 00:00:00+00:00,117.26,117.8,116.49,116.52,18296855
2016-12-28 00:00:00+00:00,116.76,118.0166,116.2,117.52,20905892
2016-12-29 00:00:00+00:00,116.73,117.1095,116.4,116.45,15039519
2016-12-30 00:00:00+00:00,115.82,117.2,115.43,116.65,30586265
2017-01-03 00:00:00+00:00,116.15,116.33,114.76,115.8,28781865
2017-01-04 00:00:00+00:00,116.02,116.51,115.75,115.85,21118116
2017-01-05 00:00:00+00:00,116.61,116.8642,115.81,115.92,22193587
2017-01-06 00:00:00+00:00,117.91,118.16,116.47,116.78,31751900
2017-01-09 00:00:00+00:00,118.99,119.43,117.94,117.95,33561948
2017-01-10 00:00:00+00:00,119.11,119.38,118.3,118.77,24462051
2017-01-11 00:00:00+00:00,119.75,119.93,118.6,118.74,27588593
2017-01-12 00:00:00+00:00,119.25,119.3,118.21,118.895,27086220
2017-01-13 00:00:00+00:00,119.04,119.62,118.81,119.11,26111948
2017-01-17 00:00:00+00:00,120,120.24,118.22,118.34,34439843
2017-01-18 00:00:00+00:00,119.99,120.5,119.71,120,23712961
2017-01-19 00:00:00+00:00,119.78,120.09,119.37,119.4,25597291
2017-01-20 00:00:00+00:00,120,120.45,119.7346,120.45,32597892
2017-01-23 00:00:00+00:00,120.08,120.81,119.77,120,22050218
2017-01-24 00:00:00+00:00,119.97,120.1,119.5,119.55,23211038
2017-01-25 00:00:00+00:00,121.88,122.1,120.28,120.42,32586673
2017-01-26 00:00:00+00:00,121.94,122.44,121.6,121.67,26337576
2017-01-27 00:00:00+00:00,121.95,122.35,121.6,122.14,20562944
2017-01-30 00:00:00+00:00,121.63,121.63,120.66,120.93,30377503
2017-01-31 00:00:00+00:00,121.35,121.39,120.62,121.15,49200993
2017-02-01 00:00:00+00:00,128.75,130.49,127.01,127.03,111985040
2017-02-02 00:00:00+00:00,128.53,129.39,127.78,127.975,33710411
2017-02-03 00:00:00+00:00,129.08,129.19,128.16,128.31,24507301
2017-02-06 00:00:00+00:00,130.29,130.5,128.9,129.13,26845924
2017-02-07 00:00:00+00:00,131.53,132.09,130.45,130.54,38183841
2017-02-08 00:00:00+00:00,132.04,132.22,131.22,131.35,23004072
2017-02-09 00:00:00+00:00,132.42,132.445,131.12,131.65,28349859
2017-02-10 00:00:00+00:00,132.12,132.94,132.05,132.46,20065458
2017-02-13 00:00:00+00:00,133.29,133.82,132.75,133.08,23035421
2017-02-14 00:00:00+00:00,135.02,135.09,133.25,133.47,33226223
2017-02-15 00:00:00+00:00,135.51,136.27,134.62,135.52,35623100
2017-02-16 00:00:00+00:00,135.345,135.9,134.8398,135.67,22584555
2017-02-17 00:00:00+00:00,135.72,135.83,135.1,135.1,22198197
2017-02-21 00:00:00+00:00,136.7,136.75,135.98,136.23,24507156
2017-02-22 00:00:00+00:00,137.11,137.12,136.11,136.43,20836932
2017-02-23 00:00:00+00:00,136.53,137.48,136.3,137.38,20788186
2017-02-24 00:00:00+00:00,136.66,136.66,135.28,135.91,21776585
2017-02-27 00:00:00+00:00,136.93,137.435,136.28,137.14,20257426
2017-02-28 00:00:00+00:00,136.99,137.435,136.7,137.08,23482860
2017-03-01 00:00:00+00:00,139.79,140.15,137.595,137.89,36414585
2017-03-02 00:00:00+00:00,138.96,140.2786,138.76,140,26210984
2017-03-03 00:00:00+00:00,139.78,139.83,138.59,138.78,21571121
2017-03-06 00:00:00+00:00,139.34,139.77,138.5959,139.365,21750044
2017-03-07 00:00:00+00:00,139.52,139.98,138.79,139.06,17446297
2017-03-08 00:00:00+00:00,139,139.8,138.82,138.95,18707236
2017-03-09 00:00:00+00:00,138.68,138.79,137.05,138.74,22155904
2017-03-10 00:00:00+00:00,139.14,139.3571,138.64,139.25,19612801
2017-03-13 00:00:00+00:00,139.2,139.43,138.82,138.85,17421717
2017-03-14 00:00:00+00:00,138.99,139.65,138.84,139.3,15309065
2017-03-15 00:00:00+00:00,140.46,140.7501,139.025,139.41,25691774
2017-03-16 00:00:00+00:00,140.69,141.02,140.26,140.72,19231998
2017-03-17 00:00:00+00:00,139.99,141,139.89,141,43884952
2017-03-20 00:00:00+00:00,141.46,141.5,140.23,140.4,21542038
2017-03-21 00:00:00+00:00,139.84,142.8,139.73,142.11,39529912
2017-03-22 00:00:00+00:00,141.42,141.6,139.76,139.845,25860165
2017-03-23 00:00:00+00:00,140.92,141.5844,140.61,141.26,20346301
2017-03-24 00:00:00+00:00,140.64,141.74,140.35,141.5,22395563
2017-03-27 00:00:00+00:00,140.88,141.22,138.62,139.39,23575094
2017-03-28 00:00:00+00:00,143.8,144.04,140.62,140.91,33374805
2017-03-29 00:00:00+00:00,144.12,144.49,143.19,143.68,29189955
2017-03-30 00:00:00+00:00,143.93,144.5,143.5,144.19,21207252
2017-03-31 00:00:00+00:00,143.66,144.27,143.01,143.72,19661651
2017-04-03 00:00:00+00:00,143.7,144.12,143.05,143.71,19985714
2017-04-04 00:00:00+00:00,144.77,144.89,143.17,143.25,19891354
2017-04-05 00:00:00+00:00,144.02,145.46,143.81,144.22,27717854
2017-04-06 00:00:00+00:00,143.66,144.52,143.45,144.29,21149034
2017-04-07 00:00:00+00:00,143.34,144.18,143.27,143.73,16658543
2017-04-10 00:00:00+00:00,143.17,143.8792,142.9,143.6,18933397
2017-04-11 00:00:00+00:00,141.63,143.35,140.06,142.94,30379376
2017-04-12 00:00:00+00:00,141.8,142.15,141.01,141.6,20350000
2017-04-13 00:00:00+00:00,141.05,142.38,141.05,141.91,17822880
2017-04-17 00:00:00+00:00,141.83,141.88,140.87,141.48,16582094
2017-04-18 00:00:00+00:00,141.2,142.04,141.11,141.41,14697544
2017-04-19 00:00:00+00:00,140.68,142,140.45,141.88,17328375
2017-04-20 00:00:00+00:00,142.44,142.92,141.16,141.22,23319562
2017-04-21 00:00:00+00:00,142.27,142.68,141.85,142.44,17320928
2017-04-24 00:00:00+00:00,143.64,143.95,143.18,143.5,17116599
2017-04-25 00:00:00+00:00,144.53,144.9,143.87,143.91,18216472
2017-04-26 00:00:00+00:00,143.68,144.6,143.3762,144.47,19614287
2017-04-27 00:00:00+00:00,143.79,144.16,143.31,143.9225,13948980
2017-04-28 00:00:00+00:00,143.65,144.3,143.27,144.09,20247187
2017-05-01 00:00:00+00:00,146.58,147.2,144.96,145.1,32818760
2017-05-02 00:00:00+00:00,147.51,148.09,146.84,147.54,39752670
2017-05-03 00:00:00+00:00,147.06,147.49,144.27,145.59,45142806
2017-05-04 00:00:00+00:00,146.53,147.14,145.81,146.52,23275690
2017-05-05 00:00:00+00:00,148.96,148.98,146.76,146.76,26787359
2017-05-08 00:00:00+00:00,153.01,153.7,149.03,149.03,48339210
2017-05-09 00:00:00+00:00,153.99,154.88,153.45,153.87,35942435
2017-05-10 00:00:00+00:00,153.26,153.94,152.11,153.63,25670456
2017-05-11 00:00:00+00:00,153.95,154.07,152.31,152.45,25596687
2017-05-12 00:00:00+00:00,156.1,156.42,154.67,154.7,32221756
2017-05-15 00:00:00+00:00,155.7,156.65,155.05,156.01,25700983
2017-05-16 00:00:00+00:00,155.47,156.06,154.72,155.94,19904679
2017-05-17 00:00:00+00:00,150.25,154.57,149.71,153.6,49482818
2017-05-18 00:00:00+00:00,152.54,153.34,151.13,151.27,33159664
2017-05-19 00:00:00+00:00,153.06,153.98,152.63,153.38,26733798
2017-05-22 00:00:00+00:00,153.99,154.58,152.91,154,22340069
2017-05-23 00:00:00+00:00,153.8,154.9,153.31,154.9,19430358
2017-05-24 00:00:00+00:00,153.34,154.17,152.67,153.84,19118319
2017-05-25 00:00:00+00:00,153.87,154.35,153.03,153.73,19044463
2017-05-26 00:00:00+00:00,153.61,154.24,153.31,154,21632202
2017-05-30 00:00:00+00:00,153.67,154.43,153.33,153.42,20034934
2017-05-31 00:00:00+00:00,152.76,154.17,152.38,153.97,23162873
2017-06-01 00:00:00+00:00,153.18,153.33,152.22,153.17,16180143
2017-06-02 00:00:00+00:00,155.45,155.45,152.89,153.58,27285861
2017-06-05 00:00:00+00:00,153.93,154.45,153.46,154.34,24803858
2017-06-06 00:00:00+00:00,154.45,155.81,153.78,153.9,26249630
2017-06-07 00:00:00+00:00,155.37,155.98,154.48,155.02,20678772
2017-06-08 00:00:00+00:00,154.99,155.54,154.4,155.25,20771367
2017-06-09 00:00:00+00:00,148.98,155.19,146.02,155.19,64882700
2017-06-12 00:00:00+00:00,145.42,146.09,142.51,145.74,71563614
2017-06-13 00:00:00+00:00,146.59,147.45,145.15,147.16,33749154
2017-06-14 00:00:00+00:00,145.16,147.5,143.84,147.5,31224203
2017-06-15 00:00:00+00:00,144.29,144.4798,142.21,143.32,31348832
2017-06-16 00:00:00+00:00,142.27,144.5,142.2,143.78,49180748
2017-06-19 00:00:00+00:00,146.34,146.74,143.66,143.66,31449132
2017-06-20 00:00:00+00:00,145.01,146.87,144.94,146.87,24572170
2017-06-21 00:00:00+00:00,145.87,146.0693,144.61,145.52,21064679
2017-06-22 00:00:00+00:00,145.63,146.7,145.1199,145.77,18673365
2017-06-23 00:00:00+00:00,146.28,147.16,145.11,145.13,25997976
2017-06-26 00:00:00+00:00,145.82,148.28,145.38,147.17,25524661
2017-06-27 00:00:00+00:00,143.73,146.16,143.62,145.01,24423643
2017-06-28 00:00:00+00:00,145.83,146.11,143.1601,144.49,21915939
2017-06-29 00:00:00+00:00,143.68,145.13,142.28,144.71,31116980
2017-06-30 00:00:00+00:00,144.02,144.96,143.78,144.45,22328979
2017-07-03 00:00:00+00:00,143.5,145.3,143.1,144.88,14258300
2017-07-05 00:00:00+00:00,144.09,144.79,142.7237,143.69,20758795
2017-07-06 00:00:00+00:00,142.73,143.5,142.41,143.02,23374374
2017-07-07 00:00:00+00:00,144.18,144.75,142.9,142.9,18505351
2017-07-10 00:00:00+00:00,145.06,145.95,143.37,144.11,21030466
2017-07-11 00:00:00+00:00,145.53,145.85,144.38,144.73,18311156
2017-07-12 00:00:00+00:00,145.74,146.18,144.82,145.87,23617964
2017-07-13 00:00:00+00:00,147.77,148.49,145.44,145.5,24922788
2017-07-14 00:00:00+00:00,149.04,149.33,147.33,147.97,19961788
2017-07-17 00:00:00+00:00,149.56,150.9,148.57,148.82,23243713
2017-07-18 00:00:00+00:00,150.08,150.13,148.67,149.2,17713795
2017-07-19 00:00:00+00:00,151.02,151.42,149.95,150.48,20615419
2017-07-20 00:00:00+00:00,150.34,151.74,150.19,151.5,17053326
2017-07-21 00:00:00+00:00,150.27,150.44,148.88,149.99,24671002
2017-07-24 00:00:00+00:00,152.09,152.44,149.9,150.58,21122730
2017-07-25 00:00:00+00:00,152.74,153.84,151.8,151.8,18612649
2017-07-26 00:00:00+00:00,153.46,153.93,153.06,153.35,15172136
2017-07-27 00:00:00+00:00,150.56,153.99,147.3,153.75,32175875
2017-07-28 00:00:00+00:00,149.5,150.23,149.19,149.89,16832947
2017-07-31 00:00:00+00:00,148.73,150.33,148.13,149.9,19422655
2017-08-01 00:00:00+00:00,150.05,150.22,148.41,149.1,24725526
2017-08-02 00:00:00+00:00,157.14,159.75,156.16,159.28,69222793
2017-08-03 00:00:00+00:00,155.57,157.21,155.02,157.05,26000738
2017-08-04 00:00:00+00:00,156.39,157.4,155.69,156.07,20349532
2017-08-07 00:00:00+00:00,158.81,158.92,156.6701,157.06,21870321
2017-08-08 00:00:00+00:00,160.08,161.83,158.27,158.6,35775675
2017-08-09 00:00:00+00:00,161.06,161.27,159.11,159.26,25640394
2017-08-10 00:00:00+00:00,155.32,160,154.63,159.9,39081017
2017-08-11 00:00:00+00:00,157.48,158.5728,156.07,156.6,25943187
2017-08-14 00:00:00+00:00,159.85,160.21,158.75,159.32,21754810
2017-08-15 00:00:00+00:00,161.6,162.195,160.14,160.66,27936774
2017-08-16 00:00:00+00:00,160.95,162.51,160.15,161.94,27321761
2017-08-17 00:00:00+00:00,157.86,160.71,157.84,160.52,26925694
2017-08-18 00:00:00+00:00,157.5,159.5,156.72,157.86,27012525
2017-08-21 00:00:00+00:00,157.21,157.89,155.1101,157.5,26145653
2017-08-22 00:00:00+00:00,159.78,160,158.02,158.23,21297812
2017-08-23 00:00:00+00:00,159.98,160.47,158.88,159.07,19198189
2017-08-24 00:00:00+00:00,159.27,160.74,158.55,160.43,19029621
2017-08-25 00:00:00+00:00,159.86,160.56,159.27,159.65,25015218
2017-08-28 00:00:00+00:00,161.47,162,159.93,160.14,25279674
2017-08-29 00:00:00+00:00,162.91,163.12,160,160.1,29307862
2017-08-30 00:00:00+00:00,163.35,163.89,162.61,163.8,26973946
2017-08-31 00:00:00+00:00,164,164.52,163.48,163.64,26412439
2017-09-01 00:00:00+00:00,164.05,164.94,163.63,164.8,16508568
2017-09-05 00:00:00+00:00,162.08,164.25,160.56,163.75,29317054
2017-09-06 00:00:00+00:00,161.91,162.99,160.52,162.71,21179047
2017-09-07 00:00:00+00:00,161.26,162.24,160.36,162.09,21722995
2017-09-08 00:00:00+00:00,158.63,161.15,158.53,160.86,28183159
2017-09-11 00:00:00+00:00,161.5,162.05,159.89,160.5,31028926
2017-09-12 00:00:00+00:00,160.86,163.96,158.77,162.61,71139119
2017-09-13 00:00:00+00:00,159.65,159.96,157.91,159.87,44393752
2017-09-14 00:00:00+00:00,158.28,159.4,158.09,158.99,23073646
2017-09-15 00:00:00+00:00,159.88,160.97,158,158.47,48203642
2017-09-18 00:00:00+00:00,158.67,160.5,157.995,160.11,27939718
2017-09-19 00:00:00+00:00,158.73,159.77,158.44,159.51,20347352
2017-09-20 00:00:00+00:00,156.07,158.26,153.83,157.9,51693239
2017-09-21 00:00:00+00:00,153.39,155.8,152.75,155.8,36643382
2017-09-22 00:00:00+00:00,151.89,152.27,150.56,152.02,46114424
2017-09-25 00:00:00+00:00,150.55,151.83,149.16,149.99,43922334
2017-09-26 00:00:00+00:00,153.14,153.92,151.69,151.78,35470985
2017-09-27 00:00:00+00:00,154.23,154.7189,153.54,153.8,24959552
2017-09-28 00:00:00+00:00,153.28,154.28,152.7,153.89,21896592
2017-09-29 00:00:00+00:00,154.12,154.13,152,153.21,25856530
2017-10-02 00:00:00+00:00,153.81,154.45,152.72,154.26,18524860
2017-10-03 00:00:00+00:00,154.48,155.09,153.91,154.01,16146388
2017-10-04 00:00:00+00:00,153.48,153.86,152.46,153.63,19844177
2017-10-05 00:00:00+00:00,155.39,155.44,154.05,154.18,21032800
2017-10-06 00:00:00+00:00,155.3,155.49,154.56,154.97,16423749
2017-10-09 00:00:00+00:00,155.84,156.73,155.485,155.81,16200129
2017-10-10 00:00:00+00:00,155.9,158,155.1,156.055,15456331
2017-10-11 00:00:00+00:00,156.55,156.98,155.75,155.97,16607693
2017-10-12 00:00:00+00:00,156,157.37,155.7299,156.35,16045720
2017-10-13 00:00:00+00:00,156.99,157.28,156.41,156.73,16287608
2017-10-16 00:00:00+00:00,159.88,160,157.65,157.9,23894630
2017-10-17 00:00:00+00:00,160.47,160.87,159.23,159.78,18816438
2017-10-18 00:00:00+00:00,159.76,160.71,159.6,160.42,16158659
2017-10-19 00:00:00+00:00,155.98,157.08,155.02,156.75,42111326
2017-10-20 00:00:00+00:00,156.25,157.75,155.96,156.61,23612246
2017-10-23 00:00:00+00:00,156.17,157.69,155.5,156.89,21654461
2017-10-24 00:00:00+00:00,157.1,157.42,156.2,156.29,17137731
2017-10-25 00:00:00+00:00,156.41,157.55,155.27,156.91,20126554
2017-10-26 00:00:00+00:00,157.41,157.8295,156.78,157.23,16751691
2017-10-27 00:00:00+00:00,163.05,163.6,158.7,159.29,43904150
2017-10-30 00:00:00+00:00,166.72,168.07,163.72,163.89,43923292
2017-10-31 00:00:00+00:00,169.04,169.6499,166.94,167.9,35474672
2017-11-01 00:00:00+00:00,166.89,169.94,165.61,169.87,33100847
2017-11-02 00:00:00+00:00,168.11,168.5,165.28,167.64,32710040
2017-11-03 00:00:00+00:00,172.5,174.26,171.12,174,58683826
2017-11-06 00:00:00+00:00,174.25,174.99,171.72,172.365,34242566
2017-11-07 00:00:00+00:00,174.81,175.25,173.6,173.91,23910914
2017-11-08 00:00:00+00:00,176.24,176.24,174.33,174.66,24409527
2017-11-09 00:00:00+00:00,175.88,176.095,173.14,175.11,28636531
2017-11-10 00:00:00+00:00,174.67,175.38,174.27,175.11,25061183
2017-11-13 00:00:00+00:00,173.97,174.5,173.4,173.5,16828025
2017-11-14 00:00:00+00:00,171.34,173.48,171.18,173.04,23588451
2017-11-15 00:00:00+00:00,169.08,170.3197,168.38,169.97,28702351
2017-11-16 00:00:00+00:00,171.1,171.87,170.3,171.18,23497326
2017-11-17 00:00:00+00:00,170.15,171.39,169.64,171.04,21665811
2017-11-20 00:00:00+00:00,169.98,170.56,169.56,170.29,15974387
2017-11-21 00:00:00+00:00,173.14,173.7,170.78,170.78,24875471
2017-11-22 00:00:00+00:00,174.96,175,173.05,173.36,24997274
2017-11-24 00:00:00+00:00,174.97,175.5,174.6459,175.1,14026519
2017-11-27 00:00:00+00:00,174.09,175.08,173.34,175.05,20536313
2017-11-28 00:00:00+00:00,173.07,174.87,171.86,174.3,25468442
2017-11-29 00:00:00+00:00,169.48,172.92,167.16,172.63,40788324
2017-11-30 00:00:00+00:00,171.85,172.14,168.44,170.43,40172368
2017-12-01 00:00:00+00:00,171.05,171.67,168.5,169.95,39590080
2017-12-04 00:00:00+00:00,169.8,172.62,169.63,172.48,32115052
2017-12-05 00:00:00+00:00,169.64,171.52,168.4,169.06,27008428
2017-12-06 00:00:00+00:00,169.01,170.2047,166.46,167.5,28224357
2017-12-07 00:00:00+00:00,169.32,170.44,168.91,169.03,24469613
2017-12-08 00:00:00+00:00,169.37,171,168.82,170.49,23096872
2017-12-11 00:00:00+00:00,172.67,172.89,168.79,169.2,33092051
2017-12-12 00:00:00+00:00,171.7,172.39,171.461,172.15,18945457
2017-12-13 00:00:00+00:00,172.27,173.54,172,172.5,23142242
2017-12-14 00:00:00+00:00,172.22,173.13,171.65,172.4,20219307
2017-12-15 00:00:00+00:00,173.97,174.17,172.46,173.63,37054632
2017-12-18 00:00:00+00:00,176.42,177.2,174.86,174.88,28831533
2017-12-19 00:00:00+00:00,174.54,175.39,174.09,175.03,27078872
2017-12-20 00:00:00+00:00,174.35,175.42,173.25,174.87,23000392
2017-12-21 00:00:00+00:00,175.01,176.02,174.1,174.17,20356826
2017-12-22 00:00:00+00:00,175.01,175.424,174.5,174.68,16052615
2017-12-26 00:00:00+00:00,170.57,171.47,169.679,170.8,32968167
2017-12-27 00:00:00+00:00,170.6,170.78,169.71,170.1,21672062
2017-12-28 00:00:00+00:00,171.08,171.85,170.48,171,15997739
2017-12-29 00:00:00+00:00,169.23,170.59,169.22,170.52,25643711
2018-01-02 00:00:00+00:00,172.26,172.3,169.26,170.16,25048048
2018-01-03 00:00:00+00:00,172.23,174.55,171.96,172.53,28819653
2018-01-04 00:00:00+00:00,173.03,173.47,172.08,172.54,22211345
2018-01-05 00:00:00+00:00,175,175.37,173.05,173.44,23016177
2018-01-08 00:00:00+00:00,174.35,175.61,173.93,174.35,20134092
2018-01-09 00:00:00+00:00,174.33,175.06,173.41,174.55,21262614
2018-01-10 00:00:00+00:00,174.29,174.3,173,173.16,23589129
2018-01-11 00:00:00+00:00,175.28,175.4886,174.49,174.59,17523256
2018-01-12 00:00:00+00:00,177.09,177.36,175.65,176.18,25039531
2018-01-16 00:00:00+00:00,176.19,179.39,176.14,177.9,29159005
2018-01-17 00:00:00+00:00,179.1,179.25,175.07,176.15,32752734
2018-01-18 00:00:00+00:00,179.26,180.1,178.25,179.37,30234512
2018-01-19 00:00:00+00:00,178.46,179.58,177.41,178.61,30827809
2018-01-22 00:00:00+00:00,177,177.78,176.6016,177.3,26023683
2018-01-23 00:00:00+00:00,177.04,179.44,176.82,177.3,31702531
2018-01-24 00:00:00+00:00,174.22,177.3,173.2,177.25,50562257
2018-01-25 00:00:00+00:00,171.11,174.95,170.53,174.505,39661804
2018-01-26 00:00:00+00:00,171.51,172,170.06,172,37121805
2018-01-29 00:00:00+00:00,167.96,170.16,167.07,170.16,48434424
2018-01-30 00:00:00+00:00,166.97,167.37,164.7,165.525,45137026
2018-01-31 00:00:00+00:00,167.43,168.4417,166.5,166.87,30984099
2018-02-01 00:00:00+00:00,167.78,168.62,166.76,167.165,38099665
2018-02-02 00:00:00+00:00,160.5,166.8,160.1,166,85436075
2018-02-05 00:00:00+00:00,156.49,163.88,156,159.1,66090446
2018-02-06 00:00:00+00:00,163.03,163.72,154,154.83,66625484
2018-02-07 00:00:00+00:00,159.54,163.4,159.0685,163.085,50852130
2018-02-08 00:00:00+00:00,155.15,161,155.03,160.29,49594129
2018-02-09 00:00:00+00:00,156.41,157.89,150.24,157.07,66723743
2018-02-12 00:00:00+00:00,162.71,163.89,157.51,158.5,60560145
2018-02-13 00:00:00+00:00,164.34,164.75,161.65,161.95,32104756
2018-02-14 00:00:00+00:00,167.37,167.54,162.88,163.045,39669178
2018-02-15 00:00:00+00:00,172.99,173.09,169,169.79,50609595
2018-02-16 00:00:00+00:00,172.43,174.82,171.77,172.36,39638793
2018-02-20 00:00:00+00:00,171.85,174.26,171.42,172.05,33531012
2018-02-21 00:00:00+00:00,171.07,174.12,171.01,172.83,35833514
2018-02-22 00:00:00+00:00,172.5,173.95,171.71,171.8,30504116
2018-02-23 00:00:00+00:00,175.5,175.65,173.54,173.67,33329232
2018-02-26 00:00:00+00:00,178.97,179.39,176.21,176.35,36886432
2018-02-27 00:00:00+00:00,178.39,180.48,178.16,179.1,38685165
2018-02-28 00:00:00+00:00,178.12,180.615,178.05,179.26,33604574
2018-03-01 00:00:00+00:00,175,179.775,172.66,178.54,48801970
2018-03-02 00:00:00+00:00,176.21,176.3,172.45,172.8,38453950
2018-03-05 00:00:00+00:00,176.82,177.74,174.52,175.21,28401366
2018-03-06 00:00:00+00:00,176.67,178.25,176.13,177.91,23788506
2018-03-07 00:00:00+00:00,175.03,175.85,174.27,174.94,31703462
2018-03-08 00:00:00+00:00,176.94,177.12,175.07,175.48,23163767
2018-03-09 00:00:00+00:00,179.98,180,177.39,177.96,31385134
2018-03-12 00:00:00+00:00,181.72,182.39,180.21,180.29,32055405
2018-03-13 00:00:00+00:00,179.97,183.5,179.24,182.59,31168404
2018-03-14 00:00:00+00:00,178.44,180.52,177.81,180.32,29075469
2018-03-15 00:00:00+00:00,178.65,180.24,178.0701,178.5,22584565
2018-03-16 00:00:00+00:00,178.02,179.12,177.62,178.65,36836456
2018-03-19 00:00:00+00:00,175.3,177.47,173.66,177.32,32804695
2018-03-20 00:00:00+00:00,175.24,176.8,174.94,175.24,19314039
2018-03-21 00:00:00+00:00,171.27,175.09,171.26,175.04,35247358
2018-03-22 00:00:00+00:00,168.85,172.68,168.6,170,41051076
2018-03-23 00:00:00+00:00,164.94,169.92,164.94,168.39,40248954
2018-03-26 00:00:00+00:00,172.77,173.1,166.44,168.07,36272617
2018-03-27 00:00:00+00:00,168.34,175.15,166.92,173.68,38962839
2018-03-28 00:00:00+00:00,166.48,170.02,165.19,167.25,41668545
2018-03-29 00:00:00+00:00,167.78,171.75,166.9,167.805,38398505
2018-04-02 00:00:00+00:00,166.68,168.94,164.47,167.88,37586791
2018-04-03 00:00:00+00:00,168.39,168.7455,164.88,167.64,30278046
2018-04-04 00:00:00+00:00,171.61,172.01,164.77,164.88,34605489
2018-04-05 00:00:00+00:00,172.8,174.2304,172.08,172.58,26933197
2018-04-06 00:00:00+00:00,168.38,172.48,168.2,170.97,35005290
2018-04-09 00:00:00+00:00,170.05,173.09,169.845,169.88,29017718
2018-04-10 00:00:00+00:00,173.25,174,171.53,173,28614241
2018-04-11 00:00:00+00:00,172.44,173.9232,171.7,172.23,22431640
2018-04-12 00:00:00+00:00,174.14,175,173.04,173.41,22889285
2018-04-13 00:00:00+00:00,174.73,175.84,173.85,174.78,25124255
2018-04-16 00:00:00+00:00,175.82,176.19,174.8301,175.0301,21578420
2018-04-17 00:00:00+00:00,178.24,178.9365,176.41,176.49,26605442
2018-04-18 00:00:00+00:00,177.84,178.82,176.88,177.81,20754538
2018-04-19 00:00:00+00:00,172.8,175.39,172.66,174.95,34808800
2018-04-20 00:00:00+00:00,165.72,171.2184,165.43,170.595,65491140
2018-04-23 00:00:00+00:00,165.24,166.92,164.09,166.8348,36515477
2018-04-24 00:00:00+00:00,162.94,166.33,161.2201,165.67,33692017
2018-04-25 00:00:00+00:00,163.65,165.42,162.41,162.62,28382084
2018-04-26 00:00:00+00:00,164.22,165.73,163.37,164.12,27963014
2018-04-27 00:00:00+00:00,162.32,164.33,160.63,164,35655839
2018-04-30 00:00:00+00:00,165.26,167.26,161.84,162.1302,42427424
2018-05-01 00:00:00+00:00,169.1,169.2,165.27,166.4102,53569376
2018-05-02 00:00:00+00:00,176.57,177.75,173.8,175.225,66539371
2018-05-03 00:00:00+00:00,176.89,177.5,174.4411,175.88,34068180
2018-05-04 00:00:00+00:00,183.83,184.25,178.17,178.25,56201317
2018-05-07 00:00:00+00:00,185.16,187.67,184.75,185.18,42451423
2018-05-08 00:00:00+00:00,186.05,186.22,183.665,184.99,28402777
2018-05-09 00:00:00+00:00,187.36,187.4,185.22,186.55,23211241
2018-05-10 00:00:00+00:00,190.04,190.37,187.65,187.74,27989289
2018-05-11 00:00:00+00:00,188.59,190.06,187.45,189.49,26212221
2018-05-14 00:00:00+00:00,188.15,189.53,187.86,189.01,20778772
2018-05-15 00:00:00+00:00,186.44,187.07,185.1,186.78,23695159
2018-05-16 00:00:00+00:00,188.18,188.46,186,186.07,19183064
2018-05-17 00:00:00+00:00,186.99,188.91,186.36,188,17294029
2018-05-18 00:00:00+00:00,186.31,187.8102,186.13,187.19,18297728
2018-05-21 00:00:00+00:00,187.63,189.27,186.9106,188,18400787
2018-05-22 00:00:00+00:00,187.16,188.88,186.78,188.375,15240704
2018-05-23 00:00:00+00:00,188.36,188.5,185.76,186.35,20058415
2018-05-24 00:00:00+00:00,188.15,188.84,186.21,188.77,23233975
2018-05-25 00:00:00+00:00,188.58,189.65,187.65,188.23,17460963
2018-05-29 00:00:00+00:00,187.9,188.75,186.87,187.6,22514075
2018-05-30 00:00:00+00:00,187.5,188,186.78,187.72,18690547
2018-05-31 00:00:00+00:00,186.87,188.23,186.14,187.22,27482793
2018-06-01 00:00:00+00:00,190.24,190.26,187.75,187.9912,23442510
2018-06-04 00:00:00+00:00,191.83,193.42,191.35,191.635,26266174
2018-06-05 00:00:00+00:00,193.31,193.94,192.36,193.065,21565963
2018-06-06 00:00:00+00:00,193.98,194.08,191.92,193.63,20933619
2018-06-07 00:00:00+00:00,193.46,194.2,192.335,194.14,21347180
2018-06-08 00:00:00+00:00,191.7,192,189.77,191.17,26656799
2018-06-11 00:00:00+00:00,191.23,191.97,190.21,191.35,18308460
2018-06-12 00:00:00+00:00,192.28,192.611,191.15,191.385,16911141
2018-06-13 00:00:00+00:00,190.7,192.88,190.44,192.42,21638393
2018-06-14 00:00:00+00:00,190.8,191.57,190.22,191.55,21610074
2018-06-15 00:00:00+00:00,188.84,190.16,188.26,190.03,61719160
2018-06-18 00:00:00+00:00,188.74,189.22,187.2,187.88,18484865
2018-06-19 00:00:00+00:00,185.69,186.33,183.45,185.14,33578455
2018-06-20 00:00:00+00:00,186.5,187.2,185.73,186.35,20628701
2018-06-21 00:00:00+00:00,185.46,188.35,184.94,187.25,25711898
2018-06-22 00:00:00+00:00,184.92,186.15,184.7,186.12,27200447
2018-06-25 00:00:00+00:00,182.17,184.92,180.73,183.4,31663096
2018-06-26 00:00:00+00:00,184.43,186.53,182.54,182.99,24569201
2018-06-27 00:00:00+00:00,184.16,187.28,184.03,185.2278,25285328
2018-06-28 00:00:00+00:00,185.5,186.21,183.8,184.1,17365235
2018-06-29 00:00:00+00:00,185.11,187.19,182.91,186.29,22737666
2018-07-02 00:00:00+00:00,187.18,187.3,183.42,183.82,17731343
2018-07-03 00:00:00+00:00,183.92,187.95,183.54,187.79,13954806
2018-07-05 00:00:00+00:00,185.4,186.41,184.28,185.26,16604248
2018-07-06 00:00:00+00:00,187.97,188.434,185.2,185.42,17485245
2018-07-09 00:00:00+00:00,190.58,190.68,189.3,189.5,19756634
2018-07-10 00:00:00+00:00,190.35,191.28,190.1801,190.71,15939149
2018-07-11 00:00:00+00:00,187.88,189.7799,187.61,188.5,18831470
2018-07-12 00:00:00+00:00,191.03,191.41,189.31,189.53,18041131
2018-07-13 00:00:00+00:00,191.33,191.84,190.9,191.08,12519792
2018-07-16 00:00:00+00:00,190.91,192.65,190.415,191.52,15043110
2018-07-17 00:00:00+00:00,191.45,191.87,189.2,189.75,15534523
2018-07-18 00:00:00+00:00,190.4,191.8,189.93,191.78,16393381
2018-07-19 00:00:00+00:00,191.88,192.55,189.69,189.69,20286752
2018-07-20 00:00:00+00:00,191.44,192.43,190.17,191.78,20706042
2018-07-23 00:00:00+00:00,191.61,191.96,189.56,190.68,15989365
2018-07-24 00:00:00+00:00,193,193.6601,192.05,192.45,18697898
2018-07-25 00:00:00+00:00,194.82,194.85,192.43,193.0602,16826483
2018-07-26 00:00:00+00:00,194.21,195.96,193.61,194.61,19075964
2018-07-27 00:00:00+00:00,190.98,195.19,190.1,194.99,24023972
2018-07-30 00:00:00+00:00,189.91,192.2,189.07,191.9,21029535
2018-07-31 00:00:00+00:00,190.29,192.14,189.34,190.3,39373038
2018-08-01 00:00:00+00:00,201.5,201.76,197.31,199.13,67935716
2018-08-02 00:00:00+00:00,207.39,208.38,200.35,200.58,62404012
2018-08-03 00:00:00+00:00,207.99,208.74,205.4803,207.03,33447396
2018-08-06 00:00:00+00:00,209.07,209.25,207.07,208,25425387
2018-08-07 00:00:00+00:00,207.11,209.5,206.76,209.32,25587387
2018-08-08 00:00:00+00:00,207.25,207.81,204.52,206.05,22525487
2018-08-09 00:00:00+00:00,208.88,209.78,207.2,207.28,23492626
2018-08-10 00:00:00+00:00,207.53,209.1,206.67,207.36,24611202
2018-08-13 00:00:00+00:00,208.87,210.952,207.7,207.7,25890880
2018-08-14 00:00:00+00:00,209.75,210.56,208.26,210.155,20748010
2018-08-15 00:00:00+00:00,210.24,210.74,208.33,209.22,28807564
2018-08-16 00:00:00+00:00,213.32,213.8121,211.47,211.75,28500367
2018-08-17 00:00:00+00:00,217.58,217.95,213.16,213.44,35426997
2018-08-20 00:00:00+00:00,215.46,219.18,215.11,218.1,30287695
2018-08-21 00:00:00+00:00,215.04,217.19,214.025,216.8,26159755
2018-08-22 00:00:00+00:00,215.05,216.36,213.84,214.1,19018131
2018-08-23 00:00:00+00:00,215.49,217.05,214.6,214.65,18883224
2018-08-24 00:00:00+00:00,216.16,216.9,215.11,216.6,18476356
2018-08-27 00:00:00+00:00,217.94,218.74,216.33,217.15,20525117
2018-08-28 00:00:00+00:00,219.7,220.54,218.92,219.01,22776766
2018-08-29 00:00:00+00:00,222.98,223.49,219.41,220.15,27254804
2018-08-30 00:00:00+00:00,225.03,228.26,222.4,223.25,48793824
2018-08-31 00:00:00+00:00,227.63,228.87,226,226.51,43340134
2018-09-04 00:00:00+00:00,228.36,229.18,226.63,228.41,27390132
2018-09-05 00:00:00+00:00,226.87,229.67,225.1,228.99,33332960
2018-09-06 00:00:00+00:00,223.1,227.35,221.3,226.23,34289976
2018-09-07 00:00:00+00:00,221.3,225.37,220.71,221.85,37619810
2018-09-10 00:00:00+00:00,218.33,221.85,216.47,220.95,39516453
2018-09-11 00:00:00+00:00,223.85,224.299,216.56,218.01,35749049
2018-09-12 00:00:00+00:00,221.07,225,219.84,224.94,49278740
2018-09-13 00:00:00+00:00,226.41,228.35,222.57,223.52,41706377
2018-09-14 00:00:00+00:00,223.84,226.84,222.522,225.75,31999289
2018-09-17 00:00:00+00:00,217.88,222.95,217.27,222.15,37195133
2018-09-18 00:00:00+00:00,218.24,221.85,217.12,217.79,31571712
2018-09-19 00:00:00+00:00,218.37,219.62,215.3,218.5,27123833
2018-09-20 00:00:00+00:00,220.03,222.28,219.15,220.24,26608794
2018-09-21 00:00:00+00:00,217.66,221.36,217.29,220.78,96246748
2018-09-24 00:00:00+00:00,220.79,221.26,216.63,216.82,27693358
2018-09-25 00:00:00+00:00,222.19,222.82,219.7,219.75,24554379
2018-09-26 00:00:00+00:00,220.42,223.75,219.76,221,23984706
2018-09-27 00:00:00+00:00,224.95,226.44,223.54,223.82,30181227
2018-09-28 00:00:00+00:00,225.74,225.84,224.02,224.79,22929364
2018-10-01 00:00:00+00:00,227.26,229.42,226.35,227.95,23600802
2018-10-02 00:00:00+00:00,229.28,230,226.63,227.25,24788170
2018-10-03 00:00:00+00:00,232.07,233.47,229.78,230.05,28654799
2018-10-04 00:00:00+00:00,227.99,232.35,226.73,230.78,32042000
2018-10-05 00:00:00+00:00,224.29,228.41,220.58,227.96,33580463
2018-10-08 00:00:00+00:00,223.77,224.8,220.2,222.21,29663923
2018-10-09 00:00:00+00:00,226.87,227.27,222.2462,223.64,26891029
2018-10-10 00:00:00+00:00,216.36,226.35,216.05,225.46,41990554
2018-10-11 00:00:00+00:00,214.45,219.5,212.32,214.52,53124392
2018-10-12 00:00:00+00:00,222.11,222.88,216.84,220.42,40337851
2018-10-15 00:00:00+00:00,217.36,221.83,217.27,221.16,30791007
2018-10-16 00:00:00+00:00,222.15,222.99,216.7627,218.93,29183963
2018-10-17 00:00:00+00:00,221.19,222.64,219.34,222.3,22885397
2018-10-18 00:00:00+00:00,216.02,219.74,213,217.86,32581315
2018-10-19 00:00:00+00:00,219.31,221.26,217.43,218.06,33078726
2018-10-22 00:00:00+00:00,220.65,223.36,218.94,219.79,28792082
2018-10-23 00:00:00+00:00,222.73,223.25,214.7,215.83,38767846
2018-10-24 00:00:00+00:00,215.09,224.23,214.54,222.6,40925163
2018-10-25 00:00:00+00:00,219.8,221.38,216.75,217.71,29855768
2018-10-26 00:00:00+00:00,216.3,220.19,212.67,215.9,47258375
2018-10-29 00:00:00+00:00,212.24,219.69,206.09,219.19,45935520
2018-10-30 00:00:00+00:00,213.3,215.18,209.27,211.15,36659990
2018-10-31 00:00:00+00:00,218.86,220.45,216.62,216.88,38358933
2018-11-01 00:00:00+00:00,222.22,222.36,216.81,219.05,58323180
2018-11-02 00:00:00+00:00,207.48,213.65,205.43,209.55,91328654
2018-11-05 00:00:00+00:00,201.59,204.39,198.17,204.3,66163669
2018-11-06 00:00:00+00:00,203.77,204.72,201.69,201.92,31882881
2018-11-07 00:00:00+00:00,209.95,210.06,204.13,205.97,33424434
2018-11-08 00:00:00+00:00,208.49,210.12,206.75,209.98,25362636
2018-11-09 00:00:00+00:00,204.47,206.01,202.25,205.55,34365750
2018-11-12 00:00:00+00:00,194.17,199.85,193.79,199,51135518
2018-11-13 00:00:00+00:00,192.23,197.18,191.4501,191.63,46882936
2018-11-14 00:00:00+00:00,186.8,194.48,185.93,193.9,60800957
2018-11-15 00:00:00+00:00,191.41,191.97,186.9,188.39,46478801
2018-11-16 00:00:00+00:00,193.53,194.9695,189.46,190.5,36928253
2018-11-19 00:00:00+00:00,185.86,190.7,184.99,190,41920872
2018-11-20 00:00:00+00:00,176.98,181.47,175.51,178.37,67825247
2018-11-21 00:00:00+00:00,176.78,180.27,176.55,179.73,31124210
2018-11-23 00:00:00+00:00,172.29,176.595,172.1,174.94,23623972
2018-11-26 00:00:00+00:00,174.62,174.95,170.26,174.24,44998520
2018-11-27 00:00:00+00:00,174.24,174.77,170.88,171.51,41387377
2018-11-28 00:00:00+00:00,180.94,181.29,174.93,176.73,46062539
2018-11-29 00:00:00+00:00,179.55,182.8,177.7,182.66,41769992
2018-11-30 00:00:00+00:00,178.58,180.33,177.03,180.29,39531549
2018-12-03 00:00:00+00:00,184.82,184.94,181.21,184.46,40798002
2018-12-04 00:00:00+00:00,176.69,182.3899,176.27,180.95,41344282
2018-12-06 00:00:00+00:00,174.72,174.78,170.42,171.76,43098410
2018-12-07 00:00:00+00:00,168.49,174.49,168.3,173.49,42281631
2018-12-10 00:00:00+00:00,169.6,170.09,163.33,165,62025994
2018-12-11 00:00:00+00:00,168.63,171.79,167,171.66,47281665
2018-12-12 00:00:00+00:00,169.1,171.92,169.02,170.4,35627674
2018-12-13 00:00:00+00:00,170.95,172.57,169.55,170.49,31897827
2018-12-14 00:00:00+00:00,165.48,169.08,165.28,169,40703710
2018-12-17 00:00:00+00:00,163.94,168.35,162.73,165.45,44287922
2018-12-18 00:00:00+00:00,166.07,167.53,164.39,165.38,33841518
2018-12-19 00:00:00+00:00,160.89,167.45,159.09,166,49047297
2018-12-20 00:00:00+00:00,156.83,162.11,155.3,160.4,64772960
2018-12-21 00:00:00+00:00,150.73,158.16,149.63,156.86,95744384
2018-12-24 00:00:00+00:00,146.83,151.55,146.59,148.15,37169232
2018-12-26 00:00:00+00:00,157.17,157.23,146.72,148.3,58582544
2018-12-27 00:00:00+00:00,156.15,156.77,150.07,155.84,53117065
2018-12-28 00:00:00+00:00,156.23,158.52,154.55,157.5,42291424
2018-12-31 00:00:00+00:00,157.74,159.36,156.48,158.53,35003466
2019-01-02 00:00:00+00:00,157.92,158.85,154.23,154.89,37039737
2019-01-03 00:00:00+00:00,142.19,145.72,142,143.98,91312195
2019-01-04 00:00:00+00:00,148.26,148.5499,143.8,144.53,58607070
2019-01-07 00:00:00+00:00,147.93,148.83,145.9,148.7,54777764
2019-01-08 00:00:00+00:00,150.75,151.82,148.52,149.56,41025314
2019-01-09 00:00:00+00:00,153.31,154.53,149.63,151.29,45099081
2019-01-10 00:00:00+00:00,153.8,153.97,150.86,152.5,35780670
2019-01-11 00:00:00+00:00,152.29,153.7,151.51,152.88,27023241
2019-01-14 00:00:00+00:00,150,151.27,149.22,150.85,32439186
2019-01-15 00:00:00+00:00,153.07,153.39,150.05,150.27,28710324
2019-01-16 00:00:00+00:00,154.94,155.88,153,153.08,30569706
2019-01-17 00:00:00+00:00,155.86,157.66,153.26,154.2,29821160
2019-01-18 00:00:00+00:00,156.82,157.88,155.9806,157.5,33751023
2019-01-22 00:00:00+00:00,153.3,156.73,152.62,156.41,30393970
2019-01-23 00:00:00+00:00,153.92,155.14,151.7,154.15,23130570
2019-01-24 00:00:00+00:00,152.7,154.48,151.74,154.11,25441549
2019-01-25 00:00:00+00:00,157.76,158.13,154.32,155.48,33547893
2019-01-28 00:00:00+00:00,156.3,156.33,153.66,155.79,26192058
2019-01-29 00:00:00+00:00,154.68,158.13,154.11,156.25,41587239
2019-01-30 00:00:00+00:00,165.25,166.15,160.23,163.25,61109780
2019-01-31 00:00:00+00:00,166.44,169,164.56,166.11,40739649
2019-02-01 00:00:00+00:00,166.52,168.98,165.93,166.96,32668138
2019-02-04 00:00:00+00:00,171.25,171.655,167.28,167.41,31495582
2019-02-05 00:00:00+00:00,174.18,175.08,172.3501,172.86,36101628
2019-02-06 00:00:00+00:00,174.24,175.57,172.8531,174.65,28239591
2019-02-07 00:00:00+00:00,170.94,173.94,170.34,172.4,31741690
2019-02-08 00:00:00+00:00,170.41,170.66,168.42,168.99,23819966
2019-02-11 00:00:00+00:00,169.43,171.21,169.25,171.05,20993425
2019-02-12 00:00:00+00:00,170.89,171,169.7,170.1,22283523
2019-02-13 00:00:00+00:00,170.18,172.48,169.92,171.39,22490233
2019-02-14 00:00:00+00:00,170.8,171.2615,169.38,169.71,21835747
2019-02-15 00:00:00+00:00,170.42,171.7,169.75,171.25,24626814
2019-02-19 00:00:00+00:00,170.93,171.44,169.49,169.71,18972826
2019-02-20 00:00:00+00:00,172.03,173.32,170.99,171.19,26114362
2019-02-21 00:00:00+00:00,171.06,172.37,170.3,171.8,17249670
2019-02-22 00:00:00+00:00,172.97,173,171.38,171.58,18913154
2019-02-25 00:00:00+00:00,174.23,175.87,173.95,174.16,21873358
2019-02-26 00:00:00+00:00,174.33,175.3,173.1732,173.71,17070211
2019-02-27 00:00:00+00:00,174.87,175,172.73,173.21,27835389
2019-02-28 00:00:00+00:00,173.15,174.91,172.92,174.32,28215416
2019-03-01 00:00:00+00:00,174.97,175.15,172.89,174.28,25886167
2019-03-04 00:00:00+00:00,175.85,177.75,173.97,175.69,27436203
2019-03-05 00:00:00+00:00,175.53,176,174.54,175.94,19737419
2019-03-06 00:00:00+00:00,174.52,175.49,173.94,174.67,20810384
2019-03-07 00:00:00+00:00,172.5,174.44,172.02,173.87,24796374
2019-03-08 00:00:00+00:00,172.91,173.07,169.5,170.32,23999358
2019-03-11 00:00:00+00:00,178.9,179.12,175.35,175.49,32011034
2019-03-12 00:00:00+00:00,180.91,182.67,179.37,180,32467584
2019-03-13 00:00:00+00:00,181.71,183.3,180.92,182.25,31032524
2019-03-14 00:00:00+00:00,183.73,184.1,182.56,183.9,23579508
2019-03-15 00:00:00+00:00,186.12,187.33,183.74,184.85,39042912
2019-03-18 00:00:00+00:00,188.02,188.39,185.79,185.8,26219832
2019-03-19 00:00:00+00:00,186.53,188.99,185.92,188.35,31646369
2019-03-20 00:00:00+00:00,188.16,189.49,184.73,186.23,31035231
2019-03-21 00:00:00+00:00,195.09,196.33,189.81,190.02,51034237
2019-03-22 00:00:00+00:00,191.05,197.69,190.78,195.34,42407666
2019-03-25 00:00:00+00:00,188.74,191.98,186.6,191.51,43845293
2019-03-26 00:00:00+00:00,186.79,192.88,184.58,191.664,49800538
2019-03-27 00:00:00+00:00,188.47,189.76,186.55,188.75,29848427
2019-03-28 00:00:00+00:00,188.72,189.559,187.53,188.95,20780363
2019-03-29 00:00:00+00:00,189.95,190.08,188.54,189.83,23563961
2019-04-01 00:00:00+00:00,191.24,191.68,188.38,191.64,27861964
2019-04-02 00:00:00+00:00,194.02,194.46,191.05,191.09,22765732
2019-04-03 00:00:00+00:00,195.35,196.5,193.15,193.25,23271830
2019-04-04 00:00:00+00:00,195.69,196.37,193.14,194.79,19114275
2019-04-05 00:00:00+00:00,197,197.1,195.93,196.45,18526644
2019-04-08 00:00:00+00:00,200.1,200.23,196.34,196.42,25881697
2019-04-09 00:00:00+00:00,199.5,202.85,199.23,200.32,35768237
2019-04-10 00:00:00+00:00,200.62,200.74,198.18,198.68,21695288
2019-04-11 00:00:00+00:00,198.95,201,198.4431,200.85,20900808
2019-04-12 00:00:00+00:00,198.87,200.14,196.21,199.2,27760668
2019-04-15 00:00:00+00:00,199.23,199.85,198.01,198.58,17536646
2019-04-16 00:00:00+00:00,199.25,201.37,198.56,199.46,25696385
2019-04-17 00:00:00+00:00,203.13,203.38,198.61,199.54,28906780
2019-04-18 00:00:00+00:00,203.86,204.15,202.52,203.12,24195766
2019-04-22 00:00:00+00:00,204.53,204.94,202.34,202.83,19439545
2019-04-23 00:00:00+00:00,207.48,207.75,203.9,204.43,23322991
2019-04-24 00:00:00+00:00,207.16,208.48,207.05,207.36,17540609
2019-04-25 00:00:00+00:00,205.28,207.76,205.12,206.83,18543206
2019-04-26 00:00:00+00:00,204.3,205,202.12,204.9,18649102
2019-04-29 00:00:00+00:00,204.61,205.97,203.86,204.4,22204716
2019-04-30 00:00:00+00:00,200.67,203.4,199.11,203.06,46534923
2019-05-01 00:00:00+00:00,210.52,215.31,209.23,209.88,64827328
2019-05-02 00:00:00+00:00,209.15,212.65,208.13,209.84,31996324
2019-05-03 00:00:00+00:00,211.75,211.84,210.23,210.89,20892378
2019-05-06 00:00:00+00:00,208.48,208.84,203.5,204.29,32443113
2019-05-07 00:00:00+00:00,202.86,207.4175,200.825,205.88,38763698
2019-05-08 00:00:00+00:00,202.9,205.34,201.75,201.9,26339504
2019-05-09 00:00:00+00:00,200.72,201.68,196.66,200.4,34908607
2019-05-10 00:00:00+00:00,197.18,198.85,192.77,197.419,41208712
2019-05-13 00:00:00+00:00,185.72,189.48,182.85,187.71,57430623
2019-05-14 00:00:00+00:00,188.66,189.7,185.41,186.41,36529677
2019-05-15 00:00:00+00:00,190.92,191.75,186.02,186.27,26544718
2019-05-16 00:00:00+00:00,190.08,192.4689,188.84,189.91,33031364
2019-05-17 00:00:00+00:00,189,190.9,186.76,186.93,32879090
2019-05-20 00:00:00+00:00,183.09,184.349,180.2839,183.52,38612290
2019-05-21 00:00:00+00:00,186.6,188,184.7,185.22,28364848
2019-05-22 00:00:00+00:00,182.78,185.71,182.55,184.66,29748556
2019-05-23 00:00:00+00:00,179.66,180.54,177.81,179.8,36529736
2019-05-24 00:00:00+00:00,178.97,182.14,178.62,180.2,23714686
2019-05-28 00:00:00+00:00,178.23,180.59,177.91,178.92,27948160
2019-05-29 00:00:00+00:00,177.38,179.35,176,176.42,28481165
2019-05-30 00:00:00+00:00,178.3,179.23,176.67,177.95,21218412
2019-05-31 00:00:00+00:00,175.07,177.99,174.99,176.23,27043584
2019-06-03 00:00:00+00:00,173.3,177.92,170.27,175.6,40396069
2019-06-04 00:00:00+00:00,179.64,179.83,174.52,175.44,30967961
2019-06-05 00:00:00+00:00,182.54,184.99,181.14,184.28,29773427
2019-06-06 00:00:00+00:00,185.22,185.47,182.1489,183.08,22526311
2019-06-07 00:00:00+00:00,190.15,191.92,185.77,186.51,30684393
2019-06-10 00:00:00+00:00,192.58,195.37,191.62,191.81,26220851
2019-06-11 00:00:00+00:00,194.81,196,193.6,194.86,26932882
2019-06-12 00:00:00+00:00,194.19,195.97,193.385,193.95,18253189
2019-06-13 00:00:00+00:00,194.15,196.79,193.6,194.7,21674625
2019-06-14 00:00:00+00:00,192.74,193.5863,190.3,191.545,18761474
2019-06-17 00:00:00+00:00,193.89,194.96,192.17,192.9,14669144
2019-06-18 00:00:00+00:00,198.45,200.29,195.21,196.05,26551004
2019-06-19 00:00:00+00:00,197.87,199.88,197.31,199.68,21124235
2019-06-20 00:00:00+00:00,199.46,200.61,198.03,200.37,21513988
2019-06-21 00:00:00+00:00,198.78,200.85,198.15,198.8,47800589
2019-06-24 00:00:00+00:00,198.58,200.16,198.17,198.54,18220421
2019-06-25 00:00:00+00:00,195.57,199.26,195.29,198.43,21070334
2019-06-26 00:00:00+00:00,199.8,200.99,197.35,197.77,26067512
2019-06-27 00:00:00+00:00,199.74,201.57,199.57,200.29,20899717
2019-06-28 00:00:00+00:00,197.92,199.495,197.05,198.68,31110642
2019-07-01 00:00:00+00:00,201.55,204.49,200.65,203.17,27316739
2019-07-02 00:00:00+00:00,202.73,203.1323,201.36,201.41,16935217
2019-07-03 00:00:00+00:00,204.41,204.44,202.6901,203.28,11362045
2019-07-05 00:00:00+00:00,204.23,205.08,202.9,203.35,17265518
2019-07-08 00:00:00+00:00,200.02,201.4,198.41,200.81,25338628
2019-07-09 00:00:00+00:00,201.24,201.51,198.81,199.2,20578015
2019-07-10 00:00:00+00:00,203.23,203.73,201.56,201.85,17897138
2019-07-11 00:00:00+00:00,201.75,204.39,201.71,203.31,20191842
2019-07-12 00:00:00+00:00,203.3,204,202.2,202.45,17595212
2019-07-15 00:00:00+00:00,205.21,205.87,204,204.09,16947420
2019-07-16 00:00:00+00:00,204.5,206.11,203.5,204.59,16866816
2019-07-17 00:00:00+00:00,203.35,205.0915,203.27,204.05,14107450
2019-07-18 00:00:00+00:00,205.66,205.88,203.7,204,18582161
2019-07-19 00:00:00+00:00,202.59,206.5,202.36,205.79,20929307
2019-07-22 00:00:00+00:00,207.22,207.23,203.61,203.65,22277932
2019-07-23 00:00:00+00:00,208.84,208.91,207.29,208.46,18355210
2019-07-24 00:00:00+00:00,208.67,209.15,207.17,207.67,14991567
2019-07-25 00:00:00+00:00,207.02,209.24,206.73,208.89,13909535
2019-07-26 00:00:00+00:00,207.74,209.73,207.14,207.48,17618874
2019-07-29 00:00:00+00:00,209.68,210.64,208.44,208.46,21673389
2019-07-30 00:00:00+00:00,208.78,210.16,207.31,208.76,33935718
2019-07-31 00:00:00+00:00,213.04,221.37,211.3,216.42,69281361
2019-08-01 00:00:00+00:00,208.43,218.03,206.7435,213.9,54017922
2019-08-02 00:00:00+00:00,204.02,206.43,201.63,205.53,40862122
2019-08-05 00:00:00+00:00,193.34,198.649,192.58,197.99,52392969
2019-08-06 00:00:00+00:00,197,198.067,194.04,196.31,35824787
2019-08-07 00:00:00+00:00,199.04,199.56,193.82,195.41,33364400
2019-08-08 00:00:00+00:00,203.43,203.53,199.39,200.2,27009523
2019-08-09 00:00:00+00:00,200.99,202.76,199.29,201.3,24619746
2019-08-12 00:00:00+00:00,200.48,202.0516,199.15,199.62,22481889
2019-08-13 00:00:00+00:00,208.97,212.14,200.83,201.02,47539786
2019-08-14 00:00:00+00:00,202.75,206.44,202.5869,203.16,36547443
2019-08-15 00:00:00+00:00,201.74,205.14,199.67,203.46,27883363
2019-08-16 00:00:00+00:00,206.5,207.16,203.84,204.28,28813624
2019-08-19 00:00:00+00:00,210.35,212.7307,210.025,210.62,24431915
2019-08-20 00:00:00+00:00,210.36,213.35,210.32,210.88,26919529
2019-08-21 00:00:00+00:00,212.64,213.65,211.6032,212.99,21564747
2019-08-22 00:00:00+00:00,212.46,214.435,210.75,213.19,22267819
2019-08-23 00:00:00+00:00,202.64,212.051,201,209.43,46882843
2019-08-26 00:00:00+00:00,206.49,207.19,205.0573,205.86,26066130
2019-08-27 00:00:00+00:00,204.16,208.55,203.53,207.86,25897344
2019-08-28 00:00:00+00:00,205.53,205.72,203.32,204.1,15957632
2019-08-29 00:00:00+00:00,209.01,209.32,206.655,208.5,21007652
2019-08-30 00:00:00+00:00,208.74,210.45,207.2,210.16,21162561
2019-09-03 00:00:00+00:00,205.7,206.98,204.22,206.43,20059574
2019-09-04 00:00:00+00:00,209.19,209.48,207.32,208.39,19216820
2019-09-05 00:00:00+00:00,213.28,213.97,211.51,212,23946984
2019-09-06 00:00:00+00:00,213.26,214.42,212.51,214.05,19362294
2019-09-09 00:00:00+00:00,214.17,216.44,211.07,214.84,27309401
2019-09-10 00:00:00+00:00,216.7,216.78,211.71,213.86,31777931
2019-09-11 00:00:00+00:00,223.59,223.71,217.73,218.07,44289646
2019-09-12 00:00:00+00:00,223.085,226.42,222.86,224.8,32226669
2019-09-13 00:00:00+00:00,218.75,220.79,217.02,220,39763296
2019-09-16 00:00:00+00:00,219.9,220.13,217.56,217.73,21158141
2019-09-17 00:00:00+00:00,220.7,220.82,219.12,219.96,18386468
2019-09-18 00:00:00+00:00,222.77,222.85,219.44,221.06,25643093
2019-09-19 00:00:00+00:00,220.96,223.76,220.37,222.01,22187876
2019-09-20 00:00:00+00:00,217.73,222.56,217.473,221.38,57977094
2019-09-23 00:00:00+00:00,218.72,219.84,217.65,218.95,19419648
2019-09-24 00:00:00+00:00,217.68,222.49,217.19,221.055,31434367
2019-09-25 00:00:00+00:00,221.03,221.5,217.1402,218.55,22481006
2019-09-26 00:00:00+00:00,219.89,220.94,218.83,220,19088312
2019-09-27 00:00:00+00:00,218.82,220.96,217.2814,220.54,25361285
2019-09-30 00:00:00+00:00,223.97,224.58,220.79,220.9,26318583
2019-10-01 00:00:00+00:00,224.59,228.22,224.2,225.07,36187163
2019-10-02 00:00:00+00:00,218.96,223.58,217.93,223.06,35767257
2019-10-03 00:00:00+00:00,220.82,220.96,215.132,218.43,30352686
2019-10-04 00:00:00+00:00,227.01,227.49,223.89,225.64,34755553
2019-10-07 00:00:00+00:00,227.06,229.93,225.84,226.27,30889269
2019-10-08 00:00:00+00:00,224.4,228.06,224.33,225.82,29282700
2019-10-09 00:00:00+00:00,227.03,227.79,225.64,227.03,19029424
2019-10-10 00:00:00+00:00,230.09,230.44,227.3,227.93,28962984
2019-10-11 00:00:00+00:00,236.21,237.64,232.3075,232.95,41990210
2019-10-14 00:00:00+00:00,235.87,238.1342,234.6701,234.9,24413484
2019-10-15 00:00:00+00:00,235.32,237.65,234.88,236.39,23040483
2019-10-16 00:00:00+00:00,234.37,235.24,233.2,233.37,19286694
2019-10-17 00:00:00+00:00,235.28,236.15,233.52,235.09,17272897
2019-10-18 00:00:00+00:00,236.41,237.58,234.29,234.59,24248023
2019-10-21 00:00:00+00:00,240.51,240.99,237.32,237.52,21811567
2019-10-22 00:00:00+00:00,239.96,242.2,239.6218,241.16,22684001
2019-10-23 00:00:00+00:00,243.18,243.24,241.22,242.1,19932545
2019-10-24 00:00:00+00:00,243.58,244.8,241.805,244.51,17916255
2019-10-25 00:00:00+00:00,246.58,246.73,242.88,243.16,18369296
2019-10-28 00:00:00+00:00,249.05,249.25,246.72,247.42,23655368
2019-10-29 00:00:00+00:00,243.29,249.75,242.57,248.97,35709867
2019-10-30 00:00:00+00:00,243.26,245.3,241.21,244.76,31130522
2019-10-31 00:00:00+00:00,248.76,249.17,237.26,247.24,34790520
2019-11-01 00:00:00+00:00,255.82,255.93,249.16,249.54,37781334
2019-11-04 00:00:00+00:00,257.5,257.845,255.38,257.33,25817952
2019-11-05 00:00:00+00:00,257.13,258.19,256.32,257.05,19974427
2019-11-06 00:00:00+00:00,257.24,257.49,255.365,256.77,18966124
2019-11-07 00:00:00+00:00,259.43,260.35,258.11,258.74,23735083
2019-11-08 00:00:00+00:00,260.14,260.44,256.85,258.69,17520495
2019-11-11 00:00:00+00:00,262.2,262.47,258.28,258.3,20507459
2019-11-12 00:00:00+00:00,261.96,262.79,260.92,261.55,21847226
2019-11-13 00:00:00+00:00,264.47,264.78,261.07,261.13,25817593
2019-11-14 00:00:00+00:00,262.64,264.88,262.1,263.75,22395556
2019-11-15 00:00:00+00:00,265.76,265.78,263.01,263.68,25093666
2019-11-18 00:00:00+00:00,267.1,267.43,264.23,265.8,21700897
2019-11-19 00:00:00+00:00,266.29,268,265.3926,267.9,19069597
2019-11-20 00:00:00+00:00,263.19,266.083,260.4,265.54,26609919
2019-11-21 00:00:00+00:00,262.01,264.005,261.18,263.69,30348778
2019-11-22 00:00:00+00:00,261.78,263.18,260.84,262.59,16331263
2019-11-25 00:00:00+00:00,266.37,266.44,262.52,262.71,21029517
2019-11-26 00:00:00+00:00,264.29,267.16,262.5,266.94,26334882
2019-11-27 00:00:00+00:00,267.84,267.98,265.31,265.58,16386122
2019-11-29 00:00:00+00:00,267.25,268,265.9,266.6,11654363
2019-12-02 00:00:00+00:00,264.16,268.25,263.45,267.27,23693550
2019-12-03 00:00:00+00:00,259.45,259.53,256.29,258.31,29377268
2019-12-04 00:00:00+00:00,261.74,263.31,260.68,261.07,16810388
2019-12-05 00:00:00+00:00,265.58,265.89,262.73,263.79,18661343
2019-12-06 00:00:00+00:00,270.71,271,267.3,267.48,26547493
2019-12-09 00:00:00+00:00,266.92,270.8,264.91,270,32182645
2019-12-10 00:00:00+00:00,268.48,270.07,265.86,268.6,22632383
2019-12-11 00:00:00+00:00,270.77,271.1,268.5,268.81,19723391
2019-12-12 00:00:00+00:00,271.46,272.5599,267.321,267.78,34437042
2019-12-13 00:00:00+00:00,275.15,275.3,270.93,271.46,33432806
2019-12-16 00:00:00+00:00,279.86,280.79,276.98,277,32081105
2019-12-17 00:00:00+00:00,280.41,281.77,278.8,279.57,28575798
2019-12-18 00:00:00+00:00,279.74,281.9,279.12,279.8,29024687
2019-12-19 00:00:00+00:00,280.02,281.18,278.95,279.5,24626947
2019-12-20 00:00:00+00:00,279.44,282.65,278.56,282.23,69032743
2019-12-23 00:00:00+00:00,284,284.25,280.3735,280.53,24677883
2019-12-24 00:00:00+00:00,284.27,284.89,282.9197,284.69,12119714
2019-12-26 00:00:00+00:00,289.91,289.98,284.7,284.82,23334004
2019-12-27 00:00:00+00:00,289.8,293.97,288.12,291.12,36592936
2019-12-30 00:00:00+00:00,291.52,292.69,285.22,289.46,36059614
2019-12-31 00:00:00+00:00,293.65,293.68,289.52,289.93,25247625
2020-01-02 00:00:00+00:00,300.35,300.6,295.19,296.24,33911864
2020-01-03 00:00:00+00:00,297.43,300.58,296.5,297.15,36633878
2020-01-06 00:00:00+00:00,299.8,299.96,292.75,293.79,29644644
2020-01-07 00:00:00+00:00,298.39,300.9,297.48,299.84,27877655
2020-01-08 00:00:00+00:00,303.19,304.4399,297.156,297.16,33090946
2020-01-09 00:00:00+00:00,309.63,310.43,306.2,307.235,42621542
2020-01-10 00:00:00+00:00,310.33,312.67,308.25,310.6,35217272
2020-01-13 00:00:00+00:00,316.96,317.07,311.15,311.64,30028742
2020-01-14 00:00:00+00:00,312.68,317.57,312.17,316.7,40653457
2020-01-15 00:00:00+00:00,311.34,315.5,309.55,311.85,30480882
2020-01-16 00:00:00+00:00,315.24,315.7,312.09,313.59,27207254
2020-01-17 00:00:00+00:00,318.73,318.74,315,316.27,34454117
2020-01-21 00:00:00+00:00,316.57,319.02,316,317.19,27235039
2020-01-22 00:00:00+00:00,317.7,319.99,317.31,318.58,25458115
2020-01-23 00:00:00+00:00,319.23,319.56,315.65,317.92,26117993
2020-01-24 00:00:00+00:00,318.31,323.33,317.5188,320.25,36634380
2020-01-27 00:00:00+00:00,308.95,311.77,304.88,310.06,40485005
2020-01-28 00:00:00+00:00,317.69,318.4,312.19,312.6,40558486
2020-01-29 00:00:00+00:00,324.34,327.85,321.38,324.45,54149928
2020-01-30 00:00:00+00:00,323.87,324.09,318.75,320.5435,31685808
2020-01-31 00:00:00+00:00,309.51,322.68,308.29,320.93,49897096
2020-02-03 00:00:00+00:00,308.66,313.49,302.22,304.3,43496401
2020-02-04 00:00:00+00:00,318.85,319.64,313.6345,315.31,34154134
2020-02-05 00:00:00+00:00,321.45,324.76,318.95,323.52,29706718
2020-02-06 00:00:00+00:00,325.21,325.22,320.2648,322.57,26356385
2020-02-07 00:00:00+00:00,320.03,323.4,318,322.37,29421012
2020-02-10 00:00:00+00:00,321.55,321.55,313.85,314.18,27337215
2020-02-11 00:00:00+00:00,319.61,323.9,318.71,323.6,23580780
2020-02-12 00:00:00+00:00,327.2,327.22,321.47,321.47,28432573
2020-02-13 00:00:00+00:00,324.87,326.22,323.35,324.19,23686892
2020-02-14 00:00:00+00:00,324.95,325.98,322.85,324.73,20028447
2020-02-18 00:00:00+00:00,319,319.75,314.61,315.36,38190545
2020-02-19 00:00:00+00:00,323.62,324.57,320,320,23495991
2020-02-20 00:00:00+00:00,320.3,324.65,318.21,322.63,25141489
2020-02-21 00:00:00+00:00,313.05,320.45,310.5,318.62,32426415
2020-02-24 00:00:00+00:00,298.18,304.18,289.23,297.26,55548828
2020-02-25 00:00:00+00:00,288.08,302.53,286.13,300.95,57668364
2020-02-26 00:00:00+00:00,292.65,297.88,286.5,286.53,49678431
2020-02-27 00:00:00+00:00,273.52,286,272.96,281.1,80151381
2020-02-28 00:00:00+00:00,273.36,278.41,256.37,257.26,106721230
2020-03-02 00:00:00+00:00,298.81,301.44,277.72,282.28,85349339
2020-03-03 00:00:00+00:00,289.32,304,285.8,303.67,79868852
2020-03-04 00:00:00+00:00,302.74,303.4,293.13,296.44,54794568
2020-03-05 00:00:00+00:00,292.92,299.55,291.41,295.52,46893219
2020-03-06 00:00:00+00:00,289.03,290.82,281.23,282,56544246
2020-03-09 00:00:00+00:00,266.17,278.09,263,263.75,71686208
2020-03-10 00:00:00+00:00,285.34,286.44,269.37,277.14,71322520
2020-03-11 00:00:00+00:00,275.43,281.22,271.86,277.39,64094970
2020-03-12 00:00:00+00:00,248.23,270,248,255.94,104618517
2020-03-13 00:00:00+00:00,277.97,279.92,252.95,264.89,92683032
2020-03-16 00:00:00+00:00,242.21,259.08,240,241.95,80605865
2020-03-17 00:00:00+00:00,252.86,257.61,238.4,247.51,81013965
2020-03-18 00:00:00+00:00,246.67,250,237.12,239.77,75058406
2020-03-19 00:00:00+00:00,244.78,252.84,242.61,247.385,67964255
2020-03-20 00:00:00+00:00,229.24,251.83,228,247.18,100423346
2020-03-23 00:00:00+00:00,224.37,228.4997,212.61,228.08,84188208
2020-03-24 00:00:00+00:00,246.88,247.69,234.3,236.36,71882773
2020-03-25 00:00:00+00:00,245.52,258.25,244.3,250.75,75900510
2020-03-26 00:00:00+00:00,258.44,258.68,246.36,246.52,63140169
2020-03-27 00:00:00+00:00,247.74,255.87,247.05,252.75,51054153
2020-03-30 00:00:00+00:00,254.81,255.52,249.4,250.74,41994110
2020-03-31 00:00:00+00:00,254.29,262.49,252,255.6,49250501
2020-04-01 00:00:00+00:00,240.91,248.72,239.13,246.5,44054638
2020-04-02 00:00:00+00:00,244.93,245.15,236.9,240.34,41483493
2020-04-03 00:00:00+00:00,241.41,245.7,238.9741,242.8,32470017
2020-04-06 00:00:00+00:00,262.47,263.11,249.38,250.9,50455071
2020-04-07 00:00:00+00:00,259.43,271.7,259,270.8,50721831
2020-04-08 00:00:00+00:00,266.07,267.37,261.23,262.74,42223821
2020-04-09 00:00:00+00:00,267.99,270.07,264.7,268.7,40529123
2020-04-13 00:00:00+00:00,273.25,273.7,265.83,268.31,32755731
2020-04-14 00:00:00+00:00,287.05,288.25,278.05,280,48748672
2020-04-15 00:00:00+00:00,284.43,286.33,280.63,282.4,32788641
2020-04-16 00:00:00+00:00,286.69,288.1975,282.3502,287.38,39281290
2020-04-17 00:00:00+00:00,282.8,286.945,276.86,284.69,53812478
2020-04-20 00:00:00+00:00,276.93,281.68,276.85,277.95,32503750
2020-04-21 00:00:00+00:00,268.37,277.25,265.43,276.28,45247893
2020-04-22 00:00:00+00:00,276.1,277.9,272.2,273.61,29264342
2020-04-23 00:00:00+00:00,275.03,281.75,274.87,275.87,31203582
2020-04-24 00:00:00+00:00,282.97,283.01,277,277.2,31627183
2020-04-27 00:00:00+00:00,283.17,284.54,279.95,281.8,29271893
2020-04-28 00:00:00+00:00,278.58,285.83,278.2,285.08,28001187
2020-04-29 00:00:00+00:00,287.73,289.67,283.89,284.73,34320204
2020-04-30 00:00:00+00:00,293.8,294.53,288.35,289.96,45765968
2020-05-01 00:00:00+00:00,289.07,299,285.85,286.25,60154175
2020-05-04 00:00:00+00:00,293.16,293.69,286.3172,289.17,33391986
2020-05-05 00:00:00+00:00,297.56,301,294.46,295.06,36937795
2020-05-06 00:00:00+00:00,300.63,303.24,298.87,300.46,35583438
2020-05-07 00:00:00+00:00,303.74,305.17,301.97,303.22,28803764
2020-05-08 00:00:00+00:00,310.13,310.35,304.29,305.64,33511985
2020-05-11 00:00:00+00:00,315.01,317.05,307.24,308.1,36486561
2020-05-12 00:00:00+00:00,311.41,319.688,310.91,317.83,40575263
2020-05-13 00:00:00+00:00,307.65,315.95,303.21,312.15,50155639
2020-05-14 00:00:00+00:00,309.54,309.79,301.53,304.51,39732269
2020-05-15 00:00:00+00:00,307.71,307.9,300.21,300.35,41587094
2020-05-18 00:00:00+00:00,314.96,316.5,310.3241,313.17,33843125
2020-05-19 00:00:00+00:00,313.14,318.52,313.01,315.03,25432385
2020-05-20 00:00:00+00:00,319.23,319.52,316.2,316.68,27876215
2020-05-21 00:00:00+00:00,316.85,320.89,315.87,318.66,25672211
2020-05-22 00:00:00+00:00,318.89,319.23,315.35,315.77,20450754
